V	astra-targa-2026-07-30-v1
D	YXN0cmEtdGFyZ2EtYXV0b21vYmlsLTIwMjYtMDctMzA=	QmFzaXNkYXRlbiBURyBhYiAxOTk1IOKAlCBURy1BdXRvbW9iaWwgKEdlcm1hbiB0eXBlLWFwcHJvdmFsIGZhY3R1YWwgZGF0YSk=	U3dpc3MgRmVkZXJhbCBSb2FkcyBPZmZpY2UgKEFTVFJBKQ==	aHR0cHM6Ly9vcGVuZGF0YS5hc3RyYS5hZG1pbi5jaC9pdnpvZC8yMDAwLVR5cGVuZ2VuZWhtaWd1bmdlbl9UR19UQVJHQS8yMjAwLUJhc2lzZGF0ZW5fVEdfYWJfMTk5NS9URy1BdXRvbW9iaWwudHh0	SFRUUCBMYXN0LU1vZGlmaWVkIDIwMjYtMDctMzA7IGRvd25sb2FkZWQgMjAyNi0wOS0yNg==	T25lIHNvdXJjZSByb3cgcGVyIFR5cGVuZ2VuZWhtaWd1bmdzbnVtbWVyOyByb3cgbnVtYmVyIGluY2x1ZGVzIGhlYWRlci4gMDYgVm9yemlmZmVyIFZJTiB0ZW1wbGF0ZTsgb3JpZ2luYWwgbmFtZWQgY29sdW1ucyBpbiBmaWVsZCBkZWZpbml0aW9uczsgQmVtZXJrdW5nZW4gWjHigJNaMjQgcmV0YWluZWQgcGVyIGFwcHJvdmFsLiBNMS9NMUcgb25seS4=	MjAyNi0wOS0yNg==	QVNUUkEgZXhwbGljaXRseSBwdWJsaXNoZXMgdHlwZS1hcHByb3ZhbCBmYWN0dWFsIGRhdGEgYXMgT3BlbiBHb3Zlcm5tZW50IERhdGE6IGh0dHBzOi8vd3d3LmFzdHJhLmFkbWluLmNoL2RlL25ld3MtaG9tb2xvZ2F0aW9uIC4gU3dpc3MgRU1CQUcgQXJ0LiAxMCg0KSBwZXJtaXRzIHVucmVzdHJpY3RlZCBPR0QgcmV1c2Ugc3ViamVjdCB0byBzdGF0dXRvcnkgYXR0cmlidXRpb246IGh0dHBzOi8vd3d3LmZlZGxleC5hZG1pbi5jaC9lbGkvY2MvMjAyMy82ODIvZGUgLiBBdHRyaWJ1dGlvbjogQVNUUkEuIFNvdXJjZSByZXF1aXJlcyBjYXJlZnVsLCBwcm9mZXNzaW9uYWwgdXNlOyBubyB3YXJyYW50eS4gTm90IGEgQ0MgbGljZW5zZS4gUHJvamVjdGlvbiBmaWx0ZXJzIHBhc3NlbmdlciBjYXRlZ29yaWVzIGFuZCBjb25zZXJ2YXRpdmVseSBpbnRlcnByZXRzIGZ1bGwtbGVuZ3RoIFZJTiB0ZW1wbGF0ZXM7IHNvdXJjZSByZW1haW5zIHVuY2hhbmdlZCBpbiBjb21wcmVzc2VkIGFyY2hpdmUu	YXN0cmEvVEctQXV0b21vYmlsLTIwMjYtMDctMzAudHh0Lmd6	ODFjZGVhYjE3N2JhZjA2ZDc3NTE1NjdmMjBiZmFjOGQwMzI1YjJkYmM5ZmRmMDY4ZmZmYmNlN2E1YmQ4YzYzZg==	NTg1MWRjMmJmMmNkMDZlZmVlNDJhMzgwZTc1YjY2MWVhZmE0YjU3N2EyZWRjOGVjY2EyMjY5Y2I5Zjk1MGI0Yg==	YXN0cmEvbWV0YWRhdGEuanNvbg==
F	make	TWFrZQ==	MDQgTWFya2U=	
F	type	QXBwcm92YWwgdHlwZSAob3JpZ2luYWwgbmFtZSk=	MDQgVHlw	
F	variant	VHlwZSAvIHZhcmlhbnQgLyB2ZXJzaW9u	MDUgVHlwOyBWYXJpYW50ZS9WZXJzaW9u	
F	vehicleCategory	VmVoaWNsZSBjYXRlZ29yeQ==	MDMgRmFocnpldWdrbGFzc2U=	
F	body	Qm9keSBzdHlsZQ==	MDcgS2Fyb3NzZXJpZWZvcm0=	
F	euApproval	RVUgdHlwZSBhcHByb3ZhbA==	MDkgRVUtR2VzYW10Z2VuZWhtaWd1bmc=	
F	drive	RHJpdmUgKHNvdXJjZSBjb2RlKQ==	MTcgQWNoc2FudHJpZWI=	
F	engineMake	RW5naW5lIG1hbnVmYWN0dXJlcg==	MjUgTW90b3IgTWFya2U=	
F	engineCode	RW5naW5lIHR5cGU=	MjUgTW90b3IgVHlw	
F	fuelCode	RnVlbCAoc291cmNlIGNvZGUp	MjYgQmF1YXJ0IFRyZWlic3RvZmY=	
F	displacementCc	RGlzcGxhY2VtZW50	MjcgSHVicmF1bQ==	Y20z
F	powerKw	RW5naW5lIHBvd2Vy	MjggTGVpc3R1bmcga1c=	a1c=
F	seatsMin	U2VhdHMgbWluaW11bQ==	MzcgQW56YWhsIFBsw6R0emUgVG90YWwgdm9u	
F	seatsMax	U2VhdHMgbWF4aW11bQ==	MzcgQW56YWhsIFBsw6R0emUgVG90YWwgYmlz	
F	doors	RG9vcnMgKHNvdXJjZSBub3RhdGlvbik=	MzggQW56YWhsIFTDvHJlbg==	
F	remarks	QXBwcm92YWwgcmVtYXJrcw==	QmVtZXJrdW5nZW4gWjHigJNaMjQ=	
W	1A4	patterns/1A4.tsv.gz	d1b827bdc0c99976a54bffa2b86ec465c02cc89a4c37d8e71cbbf4eaeee973fb
W	1A8	patterns/1A8.tsv.gz	3cced0ebc02a892052cdb8862cfaf48816635603d01f00d550964ed68bbb74fe
W	1B3	patterns/1B3.tsv.gz	78f3d2fb574193947f3790b325aa48dca34b3827915edb0bb0797c61587f1d5c
W	1C3	patterns/1C3.tsv.gz	1f416bc572aea8c320f32c9a682daef3e13499d4f3ca4708663a0e7877704a0c
W	1C4	patterns/1C4.tsv.gz	28a9f635fde22592c99f9a3fc325e153a2cd5e224e86d576fbf8b8a787427bcb
W	1C8	patterns/1C8.tsv.gz	88726a91cda4e5256faae0d83213a2f844410cb25425759d713e17c0f7b9b7ec
W	1D3	patterns/1D3.tsv.gz	b197c746f8df303e6f4b67c8dbfe4e6a8c2cff8afcfe630329a23598b1ad9efd
W	1D4	patterns/1D4.tsv.gz	1b6bab41793000641c7ff39d10fb1a8320a82080f59ce800ac626ab1c0c0c815
W	1D8	patterns/1D8.tsv.gz	1b6bab41793000641c7ff39d10fb1a8320a82080f59ce800ac626ab1c0c0c815
W	1FA	patterns/1FA.tsv.gz	88b983be80db5043d7926891bfed20989f5e7530a30ad73b2e09ce5923017df1
W	1FD	patterns/1FD.tsv.gz	5208abe7650ac932f9ecd7f9310efebf6d193b9e7bb1dfe317dba915a5403ce4
W	1FM	patterns/1FM.tsv.gz	e7f3428f82f3752449f08aa1c162707587e18c86a8e9ca1ed5d20992e72556cc
W	1G0	patterns/1G0.tsv.gz	650eda4969ee6fdf9f10760880c868dc6a5c45dcdf18ce0ca3b54517d0399aed
W	1G1	patterns/1G1.tsv.gz	5889883628a19f41962aec544a7d0e731266d69f5d6d3380decd683cc2d04e79
W	1G6	patterns/1G6.tsv.gz	c175eedf7653975f4d1c98715d1bbeeaaa50f9764a3e0ece9b8435486184dae2
W	1GB	patterns/1GB.tsv.gz	3aa688d12f53ef9d18b3aa2578bfcfcfeed63c20b29850cca5e99bc793c2f837
W	1GN	patterns/1GN.tsv.gz	4fc5928e6f2898caec8b70e5f6514ce4feed5808bd63c2a15a38ed4f425d7085
W	1GY	patterns/1GY.tsv.gz	93c764ed12c40ab5d9b1f0693de620336995a4ee2bf060f500bf1d0cbd423007
W	1HG	patterns/1HG.tsv.gz	97cbe523589de47013e572ea11fdb5d4276d66657837c43db4b1ca71c3956332
W	1J4	patterns/1J4.tsv.gz	3c8d5d276256d6efa38295bc760e8e3923eb0934228f9c99f85a0af0a5298f7e
W	1J8	patterns/1J8.tsv.gz	daf82d9d9bdb636bc5e25299cccd3fca3b0788c4729c2e19d126647a2ab6dee3
W	2A4	patterns/2A4.tsv.gz	2608eadeb752cd0a65308b2fe4f3c1924ee74aa6b034966fed7d3579f092112c
W	2C3	patterns/2C3.tsv.gz	c7e2e4db581da3a36566a92be1ca12fab83fe7d1f4c9e79ebcc69b859c0a6953
W	2C4	patterns/2C4.tsv.gz	ceb8686a4b29d0c8dff1618d5c3f02f55b474a591f479e6fe2301b74c1505996
W	2FA	patterns/2FA.tsv.gz	83b9c25dad7fa6a54154c9db57b6a2ab508d443b329fb3f8bbef65b2385e57a5
W	2FM	patterns/2FM.tsv.gz	373b21dd1d60e835094fea8132bbafbb7e6b2b62422041bb16b7f6721227ea4e
W	2G1	patterns/2G1.tsv.gz	4df3e9de2fa8bd435c4829f429f82ada07d40a9dbfb903f319d27da4c8653855
W	2S2	patterns/2S2.tsv.gz	b6a1aa9b5ebc23e918f06e1f3027acea76007b9c68d340d0486ed18821115c0a
W	3C3	patterns/3C3.tsv.gz	cb8043884979cb9abc873d365916aa29f881cce2356e0d4b42ee4628d4c7aab8
W	3C4	patterns/3C4.tsv.gz	4473213353e010caf3f88a07b9ff929071dfc56a09cf067970badfcbee8d5b0a
W	3D4	patterns/3D4.tsv.gz	c4adf647ac3a06ad43b8322abe0d7fe2342a31047d277c4e2ca4580f02177e16
W	3E4	patterns/3E4.tsv.gz	831404d7a1fd144ebfc39ebabe924af3e93e84e3af13db1a7bb1aafd2646e9e9
W	3GY	patterns/3GY.tsv.gz	0ff5d9d4ba34eab1fc0b2dd7e3d558364c68f391ff9329088b99ce1e901cfa35
W	3HG	patterns/3HG.tsv.gz	ebd3dba2b806b0774b26483af5145eb35021e58236ac211c002bbb64bc774db9
W	3KP	patterns/3KP.tsv.gz	853dccfa53e20de9712b5e8923a083534084cf009d1ef8120cdc2c20df726d3f
W	3MD	patterns/3MD.tsv.gz	a00e532ebe5f950515ef0ac44a4e7d93905129793543bd2c507046a07c4b9c05
W	3MZ	patterns/3MZ.tsv.gz	eaa5d8416336f185ed7146079af2c5c08aa62353a8c685aa117c91e10584b421
W	3N1	patterns/3N1.tsv.gz	41f05daefee8c32d826634c15d9d9cdaf70f9ac187fc05d012f80a8da7e30526
W	4GD	patterns/4GD.tsv.gz	00bfa36c2cee3a2e3f883fe1b1b76ef56e4e9aa0696becd5dc67bdade714f326
W	4JG	patterns/4JG.tsv.gz	a2765153964b69ab56b480c1903333f265fe66dc742b785b207531f492f001fa
W	4MB	patterns/4MB.tsv.gz	2bb0734f0d80a00a0842e5f6ad64f6e5f625befa37d4207f1e38d974ae46f4fb
W	4S4	patterns/4S4.tsv.gz	227e1187d7bb06d955942ed0bdd1779bb3a8d3c85b159864e2714e17051fd58b
W	50E	patterns/50E.tsv.gz	ffad4ff551ab1db2c1128d53381e623c3818e65e7cc268465b0cba19d54d457d
W	5B4	patterns/5B4.tsv.gz	13e56469e9a244fe8843579474cd806d27d36163e58704d85e38fbc519bd1942
W	5GR	patterns/5GR.tsv.gz	a64c30ec89eca9a3aa784a517046bc10038c67e2d27d1c7854dd5cd41dc2fd7d
W	5GT	patterns/5GT.tsv.gz	983d01a5bda34a3aff7aecfbb01b28f3c95da3624cc4d221f63da7afd9426858
W	5TD	patterns/5TD.tsv.gz	ff19cbd5683be28385ce2557af3dd018c2f745052a3aacbcf5658c870a3afcec
W	5YJ	patterns/5YJ.tsv.gz	29fd4782e26e95f246f8dc969f1f9553adb30027447f338775907b1d881cc62e
W	7JR	patterns/7JR.tsv.gz	eacaaa5e948ef617c074e4e23fa4160c78b8aa278521d808a53ffcb4dc79e4c8
W	7SA	patterns/7SA.tsv.gz	97aa80ab78143d25c07700e224bc1d77d99a4531fb1d13defc3ef937cbd25481
W	7VP	patterns/7VP.tsv.gz	afdfdaebc51551d57a51226fefdf40dadb8dee3a7be080ebb20084716f2d4422
W	ADM	patterns/ADM.tsv.gz	38f831f8d54bbd81d4c472d786fb60cfa2e1f93c5eaa08fbc9e6e4c200bfd5d1
W	HES	patterns/HES.tsv.gz	9c09604a4f835ca9026290f8294c0a9bd3b31b0bdf4452fd06a3870c27d93dcd
W	HSC	patterns/HSC.tsv.gz	934bd7b5791ad4797b4df30796068afdc5bd9e04a6cf4d3be807f018ab677912
W	JAC	patterns/JAC.tsv.gz	4e0bc23dd35f5a3b6c860718b0755e308eb627fa5a314a72c7150475d4b5d344
W	JDA	patterns/JDA.tsv.gz	15c208fd3e9fa5043eb6da36d436f8872536964e962b2357f75005f30a9a299a
W	JF1	patterns/JF1.tsv.gz	a541f5750696be9db956f3234bb520e2fdf2359e01c3529fcf18dd7464fcfc16
W	JHL	patterns/JHL.tsv.gz	c71465aa864b22e66766a2513cfab7846178c1dcb3a53cc5e6caff21d9e13fa6
W	JHM	patterns/JHM.tsv.gz	96e39a8a9f1ffd49ce3aef162c39c5d00f1bce802f92437e3542c0e0e53b197f
W	JM4	patterns/JM4.tsv.gz	4ed390ea44ddd80cd90d241335697659dee29a2a8b182bd67691bc307fe59363
W	JMB	patterns/JMB.tsv.gz	e367ef90d815aa40fc2bf700b55f8bdecfab1b9215f471ac1055833af7f529bc
W	JMY	patterns/JMY.tsv.gz	e685c34b7023688c79e8236ebc82c397e4e942c80f88b10ca9f2016311576069
W	JMZ	patterns/JMZ.tsv.gz	e3426a7ffd3fdac1d7693663ee0ff07cadb0afe9487aec863c9f26ae10f9b591
W	JN1	patterns/JN1.tsv.gz	e9847308421074606ac3dd590f664b655ed62b1ce18ca88e9bb851889008f7f0
W	JS3	patterns/JS3.tsv.gz	47be1fee4c9408e3000ca61f70542f9b1720090dee4db8a2ab8367b8e5fe32c3
W	JSA	patterns/JSA.tsv.gz	ffdd5d711ecbfcd88a8604e3785764da16b5c079f3ced2c07d64fcbdc216db43
W	JST	patterns/JST.tsv.gz	5eeba0126b2c76353bca04ca924bcc3d1dd76c36d96717f57d8f430435413343
W	JT1	patterns/JT1.tsv.gz	640f80d401f0ecd50d62ccc792c5060b7d64c51f5f7f32e274edd23abd1c899a
W	JT2	patterns/JT2.tsv.gz	161ec75a530d0a78e22d1e92f7d90bc084a63f6d11b87440c3cf75bf86d0ac6f
W	JTD	patterns/JTD.tsv.gz	48f1c68e8880abc12a19819d3a1f3a10ef05f55933d47a039c5159f164e0e58d
W	JTE	patterns/JTE.tsv.gz	eafbcf3a46fd9717bfb1a76186221adb02c3861a2859284e580ac0a6f16312b1
W	JTH	patterns/JTH.tsv.gz	11acd7645c5a9cf02cac578375d107b70b79b7bbe43d6ebd702448c64ea11c8a
W	JTJ	patterns/JTJ.tsv.gz	3f8464633b8b4c80f630484ad727bd4c218c12982d4c59320ad4f727a2159708
W	JTK	patterns/JTK.tsv.gz	71da4907498233ee73ce333ea1bc52de227a47cad17c9c1beec1e68c079fa863
W	JTM	patterns/JTM.tsv.gz	c7d8ff1e55154536160789a107d87911abae3b688596db1653d27316a13e4928
W	JTN	patterns/JTN.tsv.gz	a4a3bc77a174c154fca8850e12eee4af9515ffdba0e99385a59c2fcd8957c26b
W	JTP	patterns/JTP.tsv.gz	bbe580873f5ca11cb705d889ca744c6c356f9f29d22694e92f1f40f737c8baae
W	KL1	patterns/KL1.tsv.gz	0d4a1733ac6a0d8b65b1483db23504e661e37eb3563489e3c335032d6df5d065
W	KLA	patterns/KLA.tsv.gz	ba2a79ed00d5233f75559a4fba3a359ab322ca87db0cc107ed216eb9faa4ed4b
W	KMH	patterns/KMH.tsv.gz	fec9c31c66e6e009fa33de2ea49b0d61bff1934bb2372a7297eb9e5fc653c628
W	KMJ	patterns/KMJ.tsv.gz	6498b050923083b10c60622b207a37b764826175cd7b62ebdbce0c6ec6cee80f
W	KMT	patterns/KMT.tsv.gz	3fda4387d1882ecddec11c3629c88d453a749eed72f586c0063bd0e08bfc94be
W	KMX	patterns/KMX.tsv.gz	f6c224441b806dfda23e20a1a59c5d6063a12dbe2f20495718cc0a759a91876b
W	KNA	patterns/KNA.tsv.gz	1297f684e1c849bc8762337f69ad06212b71c3cb0b5d608c79203af9ab94d7f7
W	KNE	patterns/KNE.tsv.gz	ea9f7a4fc3c98be8d46157e8c094402e6d7233a73c2142c770d986728a6d61e4
W	KPT	patterns/KPT.tsv.gz	78c113ab3bb759912ed1eca7ba21313fa152ebfc7c19fbc6825ca490ebab05dc
W	L1N	patterns/L1N.tsv.gz	3799194a5b455c5e8c5e6b40b4685e4f754343b684a32dc9da6bf8022560150b
W	L6T	patterns/L6T.tsv.gz	d85d9b65bf5ce992744883a328b634a66b379296d50e16baae0d8ec8ad1107a2
W	LC0	patterns/LC0.tsv.gz	22a4a4ee05bcd4c3b611c8ed03a83d3ab93b45191914953835ae0f2d6a06bedc
W	LDP	patterns/LDP.tsv.gz	8bb1cfe82ba4e90a745666a52b0770019e4ec1a1718f75b9305aaed16e66e042
W	LGK	patterns/LGK.tsv.gz	8624e7cfb79d02c87e459ae62e753777bba63ff70c7c525cbc507d06d4da6b2c
W	LGX	patterns/LGX.tsv.gz	32393b46dd82d7df4e9a28fa7e4d86c24a54ba621ea4f9d9f625abba3345b9b4
W	LHG	patterns/LHG.tsv.gz	4504aa296e3ec1d236ccd5ac2651a9f366f106289e219bce376407d018cbe328
W	LJ1	patterns/LJ1.tsv.gz	128968df696cbf11653025a6b5079102593f2282091e3a78ebb928ddbc518ce2
W	LJU	patterns/LJU.tsv.gz	0a0b4876bef75171787872d66d30d9159171359745c5bb7c1a401277b291bec3
W	LM8	patterns/LM8.tsv.gz	1ad782e8e56e6f884b5be30fe06f8f61be2e7515c0a1dcd6a593424787f5ea89
W	LME	patterns/LME.tsv.gz	117f43587131f8071b1d83ad7469403d88eb42e95d747338626350fa924728a9
W	LNB	patterns/LNB.tsv.gz	1cc0432ef417aa533488bc4630fd462ee46ade8f007620468368e9cda3d3d1b2
W	LPS	patterns/LPS.tsv.gz	e392971c28d31e9b83b872f781d4273fbb8e19fa6856f7d8df5398ec4aca95ed
W	LRW	patterns/LRW.tsv.gz	e36ddba42759253994f1526cc4dc8552fae912d31e5f9005d9ddd6a9c57bc0d1
W	LSJ	patterns/LSJ.tsv.gz	75cb7b643558a93b457de7e6c6b63593f00391c716c5f31c3bc3737ad2050840
W	LSK	patterns/LSK.tsv.gz	73b05196d3ce2faa945c903b0d255155d57c71cd15a5a3bbf5d906c59ad9f74d
W	LUC	patterns/LUC.tsv.gz	777fa9f593d7fb3a506dee04b26ff0ae9b0866f3b15f82759274450b4e65b3aa
W	LVH	patterns/LVH.tsv.gz	8c07066a38cd4515c4e875be988d05e5dfd4bbdf4183da0ecb21f3949e9ee994
W	LVP	patterns/LVP.tsv.gz	b36d58380cc6228edd1c3709ab5b0847cbef45fe07527826f3babb4bc5f6d227
W	LVX	patterns/LVX.tsv.gz	e923d1522b4ca447af2db151f29d5c8e5c22de0d6f5a3097bace6200f7ba2037
W	LVY	patterns/LVY.tsv.gz	670ed29eb3396c83a4a41ac0f6eba7e368117ec834d3b907acc7bb8d9ebccc9f
W	LYV	patterns/LYV.tsv.gz	630fa2e93b098146dabc01e5563b57f224f21db92a8b14a6365216b93a081c58
W	MA3	patterns/MA3.tsv.gz	658f685dfc1e7de2cea6e8ced7150df387d329b5157e5bab76e4189f62ad922d
W	MAA	patterns/MAA.tsv.gz	5d6c5aa2a2fc6d76b847ef19ba883e7d79e7c877ade5dfff741186cdfab5fd1f
W	MAJ	patterns/MAJ.tsv.gz	d3de86b99c91fdb2d9aa58365c3d090759608e0b0e45a00527c138affa260ea5
W	MAL	patterns/MAL.tsv.gz	4bc76c66f6f25bf10f7a9e6a7908a96bbda8a40e32a96c268e7e724174a5e96f
W	MAT	patterns/MAT.tsv.gz	8f7e2ae1930d381d58612677ec8a88280e2113844ed7a393e0914baf535e37fb
W	MBH	patterns/MBH.tsv.gz	011035589f6285d00814d01f93a25b8b7168a1994797e5de447b141fe8050702
W	MDH	patterns/MDH.tsv.gz	cbd7a54142d820a9fe2952674582fb836e7bea755bd50037448dbd727297c55c
W	MMC	patterns/MMC.tsv.gz	bd78f8c324b17c9062b8def9e485a8f95000d4ae50c5cffcd5d8315c6b8b3430
W	MMS	patterns/MMS.tsv.gz	21436ac75cc2b7a3dd22f0c9d91e3ae3a02e738929ddac3887b52b28e163d081
W	NLA	patterns/NLA.tsv.gz	adfa1ffc8c50c9fd4bcc55b0a93de1a4e0e92ef881f77c490753d3df7aefbb99
W	NLH	patterns/NLH.tsv.gz	2dc6bbdcf1ffa658788159ba2fbc7b690da46262720a8629a315d4e132a076e2
W	NLJ	patterns/NLJ.tsv.gz	8f12adef483d86bf0b93212023ac0d2bb8d5ff1bc97244ab8045ea42188d2ce9
W	NMT	patterns/NMT.tsv.gz	ff847b79aea2e28d9df4212d366c523eb73a67be8aa97cf7bc6bf751323b9e36
W	SA9	patterns/SA9.tsv.gz	ccfe15b150c85bc15e7e1c116395a1a5ac52e6fd9ec13a0a197988e02ce8897b
W	SAD	patterns/SAD.tsv.gz	cc1a13bc9d26396815d9d73179a8c42d84032d9fe22576c58bfe641965de09a4
W	SAJ	patterns/SAJ.tsv.gz	c7b8f0cdebab9912dd9ba5fb0556752f1817eebfca4a1d4252ea9f0d14540d58
W	SAL	patterns/SAL.tsv.gz	9cdc68b39ef294493f8209f50b5da03bb225bd20ff53934f1cfa4bdffe76f183
W	SAR	patterns/SAR.tsv.gz	6d9e4be93445c48fe785804bc59520c47ed31c7ce9ac9849eaee4dc78db43024
W	SAX	patterns/SAX.tsv.gz	205a6b1eb304d230623f2f1d7cd590c2b676d3ec52075a59dff476c43d29d741
W	SB1	patterns/SB1.tsv.gz	6a71d0bf7d58e7bc963fd7cda8c432175c93f866f8df740da0445f7ca132056a
W	SBM	patterns/SBM.tsv.gz	8995fc5aafb3144ccc567362e4c374a61d29a8d5ecf4f134e7cb32288320de0e
W	SC6	patterns/SC6.tsv.gz	917136676e75d7224d328621d41b525beb5602e4735e4c0df1baf7131018b2c1
W	SCA	patterns/SCA.tsv.gz	d59edc8c3500a4600b328e9ff770533892488a29384b203e83249dbf97d9da55
W	SCB	patterns/SCB.tsv.gz	6fce5f03a30c114ecb43f2d77af0dccf3be0fa19825cbdbc2ab063762cfdad1b
W	SCC	patterns/SCC.tsv.gz	ce55e29c981ad5af850d1a8e853e9e6210c9fcce1f96c1eef0a9505a3fc93cee
W	SCF	patterns/SCF.tsv.gz	e0677737be160c58976e61ae88ce2d3c43177444fdee0dd2a5b8d0b734a50aaa
W	SCR	patterns/SCR.tsv.gz	7a714bab80c22b62c9216f33ce6042f4abe15ae5e1509a6c359550075e9af123
W	SD7	patterns/SD7.tsv.gz	e937b4b4a087acec942adff7f79ac5c07f3f1d54ec440541a8cba24a22c55b34
W	SDK	patterns/SDK.tsv.gz	cca70fdc3dcefbd4d833d00ff4f1b1bf178b79038e8ad00e4b1e0caff13f2e86
W	SDL	patterns/SDL.tsv.gz	16f32cecb4273100ef01d69f52cb7f3a0c6db7b7c23dffdf2fc9764cff0b26b1
W	SED	patterns/SED.tsv.gz	24535db5713938b83efe83b8734527275c4b8abf063da18fcfb6780f9467a60a
W	SFB	patterns/SFB.tsv.gz	aaa2011ed1e1ce38195cd5c9e317bf61f5e45ccc11a2acbcf43d3a78ed8f9769
W	SHH	patterns/SHH.tsv.gz	3a044f545f5f5294c35096c18ed2e22003c2afca68826e85bf55c7a530926440
W	SHS	patterns/SHS.tsv.gz	417a5508baedb222967f4956662c8098d4c681bca073b1a59e92ca3f674f7216
W	SJA	patterns/SJA.tsv.gz	a2ffba9c2722ef9bb660d9ab85d50fef67db3a6f41ddf2b2cd81b6a9cd08b276
W	SJK	patterns/SJK.tsv.gz	9b18f55a936ab68e04e40523574afb761e85b1242ce2825ef7d873bdfe665a5b
W	SJN	patterns/SJN.tsv.gz	56e58a0395aa81abc824d53129f9abd1b35fd2377be3185ea65907a19c3dcae1
W	TAM	patterns/TAM.tsv.gz	90be09bc30c99700bed307dcaa33c79c45229dfbbb9c9dff7fcfd024293cbbf6
W	TC9	patterns/TC9.tsv.gz	c3830fc21c091adb44961d9a004b471fe02a85b57bc0e56a4c238fbe2f78110f
W	TCC	patterns/TCC.tsv.gz	1042b226a7305035ee8c5cabc13ccbadf5e292a2ac1ad99fb68dbefd2f7314c6
W	TD9	patterns/TD9.tsv.gz	c0b21919c338ab05f6968175301052825dd5a3eba7fbe4150e3437ac02df99b7
W	TMA	patterns/TMA.tsv.gz	774d4ca734298f313f55dd870d5a90b1b7282e66636ed35203eb3b7a0ac81aa0
W	TMB	patterns/TMB.tsv.gz	13055ff04fd6485e473610b8fa063777088236d88062750c85e0b66b756a1c7b
W	TRU	patterns/TRU.tsv.gz	a5d5f6172c1869295bf615fad9e39515c02d878788fc2854cef02a8b9d3f7b6f
W	TSM	patterns/TSM.tsv.gz	e40d1a219ce729f854e02603518cafa1493e7c730b196a2382304448dee541cd
W	TTE	patterns/TTE.tsv.gz	7b7bd0d46454d051d86a9f04aebe2de5cb11b2f980c42ea03287d033a12c3513
W	U5Y	patterns/U5Y.tsv.gz	089132707c455b3344d160f018e07d9d2e9748eb258a2c3a904cc80010576324
W	U6Y	patterns/U6Y.tsv.gz	c8991dea28afe8286fc39bfa291147a0f02cb6d1add7893c06c30ad40203263b
W	UA2	patterns/UA2.tsv.gz	b46c798c5e9e457455cf4ea6f065a53bba65b13027112813cbf09ac3bc49c656
W	UH4	patterns/UH4.tsv.gz	2ac53692e9fea756b9e465b9090160ee7021c0fd4fd41628f7fe487254979463
W	UU1	patterns/UU1.tsv.gz	bba5bb6273efbd09f1c654f4c431dafe22a8e2108c62e20e8fedcfa40c0fb69a
W	V39	patterns/V39.tsv.gz	aee2c6dab19f9ab78149523fcd0f3ee81bd0fbb8f3aa8642b2e1eb4a369b9d82
W	VAG	patterns/VAG.tsv.gz	1dceedabab71423305f0a8522e9a189defcf4d8c4498ae7e39f5684099cb2a90
W	VBK	patterns/VBK.tsv.gz	bc21dd16c05789f1d1c893c1447536756aadc00044a442a1ddb967d79e34f73a
W	VCF	patterns/VCF.tsv.gz	c51e5ec783190d49a92f7a852cd8ff628cac41635fe0298085684c758f4d52a8
W	VF1	patterns/VF1.tsv.gz	313beab4726af3462181bcd0c277a17a5dd0c0ec32365af23df3541c1759dec5
W	VF3	patterns/VF3.tsv.gz	3eec32deaf9b2eb839db58631719f627c275a9fcdea7723d882910ae1df05c53
W	VF6	patterns/VF6.tsv.gz	6b2a118cf0716e23899b2e7c7abc042b541e1c12fd2d2722776507a6124beb89
W	VF7	patterns/VF7.tsv.gz	3e05b0f210942eff7cd1f7a9a087d7380299f40cbd021df89e73641562dc21a4
W	VF8	patterns/VF8.tsv.gz	d7325078b684c4aae411c281f7d3d02f63e734731dbf967eb3e0dd4a1e1acdda
W	VF9	patterns/VF9.tsv.gz	2709e8249300cfc2b6d6bf287a5dd21751db3243a85817d5a49f062e4699406f
W	VFA	patterns/VFA.tsv.gz	709a72e3c0e69867abc7a62c1811eb7ce6c2bdeb9d5e9d6e383ade6b7484b87b
W	VJR	patterns/VJR.tsv.gz	4af7c02fad26c492261b41fadaf746ae8f727ff7946a42885f184e6db391a7cf
W	VL4	patterns/VL4.tsv.gz	d468bdb1fa2d9e06cef1bcd7585325ea68cf6f3f602c48c9efd838ea391d3960
W	VLG	patterns/VLG.tsv.gz	36b0316d882bffa68069e86f183d1ba76af1d5bd169b45806659a99f4cc56dd7
W	VMT	patterns/VMT.tsv.gz	1d6a37519007d7471b89871fdddd3fbf22e8cb8e21de6edcc8c9f1ca39ca76fd
W	VN1	patterns/VN1.tsv.gz	61ef6a56853a2ef62ab4ac0a5873b918b32444cc2433a16c1084a4d73fba1593
W	VNK	patterns/VNK.tsv.gz	e2381d911f5948855ec7bf033462771b6342551c37f678b0c1d43b1350a2def5
W	VNV	patterns/VNV.tsv.gz	78d7283c82cc1f80e208dcc7a28372af8990b91d28a8c7b208a9fa807185354f
W	VR1	patterns/VR1.tsv.gz	fe0acc606c712d871c3f0f6123698eb6003fd5b1a74a516805a68ebf32301641
W	VR3	patterns/VR3.tsv.gz	ccb19ad203e98a1316059d46451a7360068998723f42378ffb5d4061e8397562
W	VR7	patterns/VR7.tsv.gz	768ff3ec34c1cff30b75c6a096d755100490f3565ae5c3fe3b02ff8cadfe1ab3
W	VSA	patterns/VSA.tsv.gz	795150664fed63cbf526d084605a7e2deca84ded12fb86fffb20ac1a8ec3dc71
W	VSE	patterns/VSE.tsv.gz	ceb8a95cf0fabb64c5269a14712a71bf5215a8cdbaa6683cfe6c6ff4bbea83ce
W	VSF	patterns/VSF.tsv.gz	df1bddaabb0665df679204116e2c4fc536e55c290d63169d1d672b5471f89b70
W	VSK	patterns/VSK.tsv.gz	d5f8c8a85e80084c89f9365168a59e6f7d711d19786a278f6a9591278e869f5f
W	VSS	patterns/VSS.tsv.gz	b6caca2503c956470afc82e0f790c3bb66d2ada58648b1f56e414b58a9aaf24a
W	VXE	patterns/VXE.tsv.gz	ba9966e5d463e68e9abd505a8acaf62c936a8f5aabc7a211b6159c4b6267d078
W	VXF	patterns/VXF.tsv.gz	4c0ff417157ba0b29d22de0f829a6e1ebc2f6f5743034bf307c92cfdeb521889
W	VXK	patterns/VXK.tsv.gz	f5a5b44f0d2ef27d8bc34fdeaf513e6e82240aa5f4852adad3deb0a486f4f119
W	VYF	patterns/VYF.tsv.gz	126b834716190abf5e638a63258f0327dd064b60430ed4baaac58d3f3e9254dc
W	VYS	patterns/VYS.tsv.gz	8e2c2186803987b5c90399643be454803fe34eec8ded66dc3630311f1c9458dd
W	VZ7	patterns/VZ7.tsv.gz	ebee3e151e504e045c4f60c0dc3241f68eeb0d805199fe96b7a9fba3ecba6b93
W	W09	patterns/W09.tsv.gz	d8bd6b3df882d2df1ad688e72eb402bb4980cb89d192018e851f3986b56629b7
W	W0L	patterns/W0L.tsv.gz	59a7f677eb37685dcc4a85f15e2fbc0449c6bc621ee5733469b26017906f6175
W	W0V	patterns/W0V.tsv.gz	cc00a4a06a79c0d2907b5943008b2482be9a08a8a040e33cf2926fedcfeda7b3
W	W1A	patterns/W1A.tsv.gz	a5c2c9972c35bc39edcd868027a04505ca88dc4d61ec986bc852fa613ab6af8c
W	W1K	patterns/W1K.tsv.gz	40dae675ede58ea0090dd163c71acf1a47d5f22b7fff4aeaf89e2670b39c9176
W	W1N	patterns/W1N.tsv.gz	d591606e4976eec4442a31d23e6e2622ef27a5c735fd502cd3cac287f73bf626
W	W1V	patterns/W1V.tsv.gz	f8dd24c5dd0a60b2e519bfe33764902b2af7937f303a0d3344795d173a37bb5f
W	WAP	patterns/WAP.tsv.gz	4120df8d8e5481a62b87e505f861746e4909f35042e368ea5ddaed29e1babcef
W	WAU	patterns/WAU.tsv.gz	7bb255f0b02b85e38de5295baf7a46dd05a5654ef8819230c80be615d7c10d9a
W	WBA	patterns/WBA.tsv.gz	416cf032e86d9664b34c4607d83d1b76e237ac88ade5191bdd84f7d468a60e59
W	WBS	patterns/WBS.tsv.gz	a9eb187342041d6351ae0481a44d1b94cbbffc6ebe51a1f895fb5897eb331c30
W	WBY	patterns/WBY.tsv.gz	a28843f10068c88a65c0ef19effda0fb9b08d9ad8a0bf80179cf05133d5d00cc
W	WDB	patterns/WDB.tsv.gz	055521b30632415a60f9cae30b33860afb378418dc9cf931c710ed175d33529c
W	WDC	patterns/WDC.tsv.gz	57b9e1ef5a68fd927d581b13c3409afbe42b6d34542a48ac7c2170a04ed37be9
W	WDD	patterns/WDD.tsv.gz	d7d96a963c3fc9d2897b8cecdbf1b33b35199762c5627cbf828a8eda8fe3527e
W	WDF	patterns/WDF.tsv.gz	a8d910471bf591f9a6f78e281ca92327027ccbd618df2db9fbbdd4ce60ddca38
W	WF0	patterns/WF0.tsv.gz	f593d27344b8cf56c7d8498799982e5c82509cd23660d8256a1b59f3984f84dc
W	WMA	patterns/WMA.tsv.gz	c32a80b737c0b7849a92fcfd1a7e92519733b615417d3f266c8cbf8ba7ae124b
W	WME	patterns/WME.tsv.gz	afa518d96bc00677855e12f58652991c2817947f8aad67b5fbc5a7e004622fe5
W	WMW	patterns/WMW.tsv.gz	827779ef90fa9af4e6f0716f9168459166023110c2cdd035ff6386958b722276
W	WMX	patterns/WMX.tsv.gz	09c1f18e1c2716ab076fbf34de7b71f70ee0dbb714d152b1b200bc0c237ee501
W	WP0	patterns/WP0.tsv.gz	85a18d77af5f02a525133fa0faab30a0c99ad145d327644a48c184d980519e13
W	WP1	patterns/WP1.tsv.gz	b7042cd9094970ae003864ef33b610aeb36e23c196cbbf9df42948bcebcf1b5b
W	WUA	patterns/WUA.tsv.gz	78b07f6672afa3f6ef8dc225fb2114ff451d0c2a8cf58832f29f705b24e2473e
W	WV1	patterns/WV1.tsv.gz	f4798efa51ae50e9639afeaf3940a9817564cb35b945d0edfbac93255a3d8a03
W	WV2	patterns/WV2.tsv.gz	ad11c0790eaee3f5a2b9d4db46b0ba99323375ba48dafd609a53544ef46bc1db
W	WV3	patterns/WV3.tsv.gz	a9cce1cc26874f54c4f94aa559171a14b063fbef2891675bd97a8400e8f1bd2a
W	WVG	patterns/WVG.tsv.gz	0e3cbd796e3c6eafc08194cf1a6090cb7f470140f06aa6354018e8e36301ba1a
W	WVW	patterns/WVW.tsv.gz	6392bca00fd92e98028f5e0eb6ef7c26021ad7192c42bceebe6979df228488f7
W	XMC	patterns/XMC.tsv.gz	35357e3182b516424a340722f2c7759bbec2a8cb5ece5ac1dd6be421b17b9351
W	XNC	patterns/XNC.tsv.gz	db28e76be622fee62010027401d0cf804cbdf4c131b5548dfe803978161ef381
W	XTA	patterns/XTA.tsv.gz	110c1e31e7fb6e53a2b8993573afc1dfdd9c8ad237786262aeb5f4f1c9802c5f
W	YAR	patterns/YAR.tsv.gz	c8111b0bf7caec12c9de3b2d647b8eeeff23648d498e97f112b003e7d0bdc7e9
W	YBC	patterns/YBC.tsv.gz	287fa167c440c2cb8a5ae2261be9e6b85557181128e37242ed89b865a3e7e044
W	YCM	patterns/YCM.tsv.gz	098ea6816828f422422acb47b3095e72fc919e9839b776faf62bd51b60cec447
W	YS3	patterns/YS3.tsv.gz	a6e0072693fc5ffc18269e9260f886a9ffe0166047304a2d0a81095ed8c7140a
W	YSC	patterns/YSC.tsv.gz	74a149c423cbb7e80a40490913c003200dd5b9927051ab8e5eed8165d7d86607
W	YSM	patterns/YSM.tsv.gz	b2f6d4421ebb1a7d09d7b61ce50d2c40167ad5ae9e6b34c7e9fb010eda160162
W	YV1	patterns/YV1.tsv.gz	3e43e42f1845933845c1d96f2773a8e5c83d0d9b84b74f4362331dc60b2c6cb5
W	YYC	patterns/YYC.tsv.gz	65441757910f8423ec359ae99ef26b6995e36573c6fe91eb4ec4cd0d78c8b873
W	ZA9	patterns/ZA9.tsv.gz	1014da38fcf270a832dcc0a2f8ceeaeaf314685e8cc0f224cf26f8349130f624
W	ZAA	patterns/ZAA.tsv.gz	92c206a22a035b2738fec9a3c521efa834c3d1411a115fca41143e6011dbf92d
W	ZAC	patterns/ZAC.tsv.gz	3a9d3b64820833ce63f24056801229a814ef6c6f970f236da14b258e947b0036
W	ZAM	patterns/ZAM.tsv.gz	158772c84cdd6932539cd089ced6259dbe8146e178ac1f6cf8485fe449151d51
W	ZAR	patterns/ZAR.tsv.gz	02e88787fbf26fb018893da5faea0db33e2548b07a0afffdd47b7ff25b93f01d
W	ZCF	patterns/ZCF.tsv.gz	71ebf123092639d56cea002473dabfb44384089939578b8af16f0b9248711e60
W	ZF4	patterns/ZF4.tsv.gz	f5875052e2b1b371929d9f678b337c4a3d8f89303466919fd741d585f13e7ef3
W	ZFA	patterns/ZFA.tsv.gz	573f266100adfe8cdc66e81a941a778bad45d42023eeb117229749c33e622216
W	ZFF	patterns/ZFF.tsv.gz	81b3b4f8eed8ada8978e0d7de1772d1a44487259c17966b682d8ef85d69ab528
W	ZHW	patterns/ZHW.tsv.gz	2da11c543443381c60e1e28c4c4607c82014f8d0269c04c2238ccabeb2faec5f
W	ZK7	patterns/ZK7.tsv.gz	fabf74fa13b7e97c97476c6f757ddf4c8a3bd57474b1887360461ad40316228d
W	ZLA	patterns/ZLA.tsv.gz	0d9fa04d1c57f30904d42ac8bd2dfa97bc55283cd565c4dbed1986fb13031c33
W	ZLF	patterns/ZLF.tsv.gz	26e2c3b5af9111f3934d0801a421cae0c20eaaf1f6483ca9a20d26c4c543f793
W	ZN6	patterns/ZN6.tsv.gz	57ba0c08c12788a743a042e57e065d2ab3298049f45fc098b0d5e7e85529caab
W	ZPB	patterns/ZPB.tsv.gz	9a8d80584c404f4a9000978844ab559e40b1fd0a0a43f97ad734392259e48e7b
W	ZY4	patterns/ZY4.tsv.gz	e51d6203662383ea2d066c44533d9f074587a2cec8177cf96946bcff44df8b80
