V	orvin-runtime-1	patterns,conditional-literals,year-cycles,relations,decimal-scaling,catalogue-consensus,cross-market
P	vehicle-identity-v2
C	tools/compile_dataset.py	7ec9118a32546a0bd474e289befa6401ef025ebc8ba3ab185f32c96d69d6d43c
I	CC0-1.0.txt	a2010f343487d3f7618affe54f789f5487602331c0a8d03f49e9a7c547cf0499
I	LICENSE.md	f4a2909487a184ec28b0b0e608e94cb1188877d49353bd7c1603ee26cdf5e35c
I	astra/index.tsv	190c14b7a611aed3e2243013ca6522cb852804c319bbb01f5c767358d7bbc5ee
I	astra/metadata.json	594c65cefb4f25a652889f9d5d64fa07e2f9db09895349bd45ffc11362f4be73
I	astra/patterns/1A4.tsv.gz	d1b827bdc0c99976a54bffa2b86ec465c02cc89a4c37d8e71cbbf4eaeee973fb
I	astra/patterns/1A8.tsv.gz	3cced0ebc02a892052cdb8862cfaf48816635603d01f00d550964ed68bbb74fe
I	astra/patterns/1B3.tsv.gz	78f3d2fb574193947f3790b325aa48dca34b3827915edb0bb0797c61587f1d5c
I	astra/patterns/1C3.tsv.gz	1f416bc572aea8c320f32c9a682daef3e13499d4f3ca4708663a0e7877704a0c
I	astra/patterns/1C4.tsv.gz	28a9f635fde22592c99f9a3fc325e153a2cd5e224e86d576fbf8b8a787427bcb
I	astra/patterns/1C8.tsv.gz	88726a91cda4e5256faae0d83213a2f844410cb25425759d713e17c0f7b9b7ec
I	astra/patterns/1D3.tsv.gz	b197c746f8df303e6f4b67c8dbfe4e6a8c2cff8afcfe630329a23598b1ad9efd
I	astra/patterns/1D4.tsv.gz	1b6bab41793000641c7ff39d10fb1a8320a82080f59ce800ac626ab1c0c0c815
I	astra/patterns/1D8.tsv.gz	1b6bab41793000641c7ff39d10fb1a8320a82080f59ce800ac626ab1c0c0c815
I	astra/patterns/1FA.tsv.gz	88b983be80db5043d7926891bfed20989f5e7530a30ad73b2e09ce5923017df1
I	astra/patterns/1FD.tsv.gz	5208abe7650ac932f9ecd7f9310efebf6d193b9e7bb1dfe317dba915a5403ce4
I	astra/patterns/1FM.tsv.gz	e7f3428f82f3752449f08aa1c162707587e18c86a8e9ca1ed5d20992e72556cc
I	astra/patterns/1G0.tsv.gz	650eda4969ee6fdf9f10760880c868dc6a5c45dcdf18ce0ca3b54517d0399aed
I	astra/patterns/1G1.tsv.gz	5889883628a19f41962aec544a7d0e731266d69f5d6d3380decd683cc2d04e79
I	astra/patterns/1G6.tsv.gz	c175eedf7653975f4d1c98715d1bbeeaaa50f9764a3e0ece9b8435486184dae2
I	astra/patterns/1GB.tsv.gz	3aa688d12f53ef9d18b3aa2578bfcfcfeed63c20b29850cca5e99bc793c2f837
I	astra/patterns/1GN.tsv.gz	4fc5928e6f2898caec8b70e5f6514ce4feed5808bd63c2a15a38ed4f425d7085
I	astra/patterns/1GY.tsv.gz	93c764ed12c40ab5d9b1f0693de620336995a4ee2bf060f500bf1d0cbd423007
I	astra/patterns/1HG.tsv.gz	97cbe523589de47013e572ea11fdb5d4276d66657837c43db4b1ca71c3956332
I	astra/patterns/1J4.tsv.gz	3c8d5d276256d6efa38295bc760e8e3923eb0934228f9c99f85a0af0a5298f7e
I	astra/patterns/1J8.tsv.gz	daf82d9d9bdb636bc5e25299cccd3fca3b0788c4729c2e19d126647a2ab6dee3
I	astra/patterns/2A4.tsv.gz	2608eadeb752cd0a65308b2fe4f3c1924ee74aa6b034966fed7d3579f092112c
I	astra/patterns/2C3.tsv.gz	c7e2e4db581da3a36566a92be1ca12fab83fe7d1f4c9e79ebcc69b859c0a6953
I	astra/patterns/2C4.tsv.gz	ceb8686a4b29d0c8dff1618d5c3f02f55b474a591f479e6fe2301b74c1505996
I	astra/patterns/2FA.tsv.gz	83b9c25dad7fa6a54154c9db57b6a2ab508d443b329fb3f8bbef65b2385e57a5
I	astra/patterns/2FM.tsv.gz	373b21dd1d60e835094fea8132bbafbb7e6b2b62422041bb16b7f6721227ea4e
I	astra/patterns/2G1.tsv.gz	4df3e9de2fa8bd435c4829f429f82ada07d40a9dbfb903f319d27da4c8653855
I	astra/patterns/2S2.tsv.gz	b6a1aa9b5ebc23e918f06e1f3027acea76007b9c68d340d0486ed18821115c0a
I	astra/patterns/3C3.tsv.gz	cb8043884979cb9abc873d365916aa29f881cce2356e0d4b42ee4628d4c7aab8
I	astra/patterns/3C4.tsv.gz	4473213353e010caf3f88a07b9ff929071dfc56a09cf067970badfcbee8d5b0a
I	astra/patterns/3D4.tsv.gz	c4adf647ac3a06ad43b8322abe0d7fe2342a31047d277c4e2ca4580f02177e16
I	astra/patterns/3E4.tsv.gz	831404d7a1fd144ebfc39ebabe924af3e93e84e3af13db1a7bb1aafd2646e9e9
I	astra/patterns/3GY.tsv.gz	0ff5d9d4ba34eab1fc0b2dd7e3d558364c68f391ff9329088b99ce1e901cfa35
I	astra/patterns/3HG.tsv.gz	ebd3dba2b806b0774b26483af5145eb35021e58236ac211c002bbb64bc774db9
I	astra/patterns/3KP.tsv.gz	853dccfa53e20de9712b5e8923a083534084cf009d1ef8120cdc2c20df726d3f
I	astra/patterns/3MD.tsv.gz	a00e532ebe5f950515ef0ac44a4e7d93905129793543bd2c507046a07c4b9c05
I	astra/patterns/3MZ.tsv.gz	eaa5d8416336f185ed7146079af2c5c08aa62353a8c685aa117c91e10584b421
I	astra/patterns/3N1.tsv.gz	41f05daefee8c32d826634c15d9d9cdaf70f9ac187fc05d012f80a8da7e30526
I	astra/patterns/4GD.tsv.gz	00bfa36c2cee3a2e3f883fe1b1b76ef56e4e9aa0696becd5dc67bdade714f326
I	astra/patterns/4JG.tsv.gz	a2765153964b69ab56b480c1903333f265fe66dc742b785b207531f492f001fa
I	astra/patterns/4MB.tsv.gz	2bb0734f0d80a00a0842e5f6ad64f6e5f625befa37d4207f1e38d974ae46f4fb
I	astra/patterns/4S4.tsv.gz	227e1187d7bb06d955942ed0bdd1779bb3a8d3c85b159864e2714e17051fd58b
I	astra/patterns/50E.tsv.gz	ffad4ff551ab1db2c1128d53381e623c3818e65e7cc268465b0cba19d54d457d
I	astra/patterns/5B4.tsv.gz	13e56469e9a244fe8843579474cd806d27d36163e58704d85e38fbc519bd1942
I	astra/patterns/5GR.tsv.gz	a64c30ec89eca9a3aa784a517046bc10038c67e2d27d1c7854dd5cd41dc2fd7d
I	astra/patterns/5GT.tsv.gz	983d01a5bda34a3aff7aecfbb01b28f3c95da3624cc4d221f63da7afd9426858
I	astra/patterns/5TD.tsv.gz	ff19cbd5683be28385ce2557af3dd018c2f745052a3aacbcf5658c870a3afcec
I	astra/patterns/5YJ.tsv.gz	29fd4782e26e95f246f8dc969f1f9553adb30027447f338775907b1d881cc62e
I	astra/patterns/7JR.tsv.gz	eacaaa5e948ef617c074e4e23fa4160c78b8aa278521d808a53ffcb4dc79e4c8
I	astra/patterns/7SA.tsv.gz	97aa80ab78143d25c07700e224bc1d77d99a4531fb1d13defc3ef937cbd25481
I	astra/patterns/7VP.tsv.gz	afdfdaebc51551d57a51226fefdf40dadb8dee3a7be080ebb20084716f2d4422
I	astra/patterns/ADM.tsv.gz	38f831f8d54bbd81d4c472d786fb60cfa2e1f93c5eaa08fbc9e6e4c200bfd5d1
I	astra/patterns/HES.tsv.gz	9c09604a4f835ca9026290f8294c0a9bd3b31b0bdf4452fd06a3870c27d93dcd
I	astra/patterns/HSC.tsv.gz	934bd7b5791ad4797b4df30796068afdc5bd9e04a6cf4d3be807f018ab677912
I	astra/patterns/JAC.tsv.gz	4e0bc23dd35f5a3b6c860718b0755e308eb627fa5a314a72c7150475d4b5d344
I	astra/patterns/JDA.tsv.gz	15c208fd3e9fa5043eb6da36d436f8872536964e962b2357f75005f30a9a299a
I	astra/patterns/JF1.tsv.gz	a541f5750696be9db956f3234bb520e2fdf2359e01c3529fcf18dd7464fcfc16
I	astra/patterns/JHL.tsv.gz	c71465aa864b22e66766a2513cfab7846178c1dcb3a53cc5e6caff21d9e13fa6
I	astra/patterns/JHM.tsv.gz	96e39a8a9f1ffd49ce3aef162c39c5d00f1bce802f92437e3542c0e0e53b197f
I	astra/patterns/JM4.tsv.gz	4ed390ea44ddd80cd90d241335697659dee29a2a8b182bd67691bc307fe59363
I	astra/patterns/JMB.tsv.gz	e367ef90d815aa40fc2bf700b55f8bdecfab1b9215f471ac1055833af7f529bc
I	astra/patterns/JMY.tsv.gz	e685c34b7023688c79e8236ebc82c397e4e942c80f88b10ca9f2016311576069
I	astra/patterns/JMZ.tsv.gz	e3426a7ffd3fdac1d7693663ee0ff07cadb0afe9487aec863c9f26ae10f9b591
I	astra/patterns/JN1.tsv.gz	e9847308421074606ac3dd590f664b655ed62b1ce18ca88e9bb851889008f7f0
I	astra/patterns/JS3.tsv.gz	47be1fee4c9408e3000ca61f70542f9b1720090dee4db8a2ab8367b8e5fe32c3
I	astra/patterns/JSA.tsv.gz	ffdd5d711ecbfcd88a8604e3785764da16b5c079f3ced2c07d64fcbdc216db43
I	astra/patterns/JST.tsv.gz	5eeba0126b2c76353bca04ca924bcc3d1dd76c36d96717f57d8f430435413343
I	astra/patterns/JT1.tsv.gz	640f80d401f0ecd50d62ccc792c5060b7d64c51f5f7f32e274edd23abd1c899a
I	astra/patterns/JT2.tsv.gz	161ec75a530d0a78e22d1e92f7d90bc084a63f6d11b87440c3cf75bf86d0ac6f
I	astra/patterns/JTD.tsv.gz	48f1c68e8880abc12a19819d3a1f3a10ef05f55933d47a039c5159f164e0e58d
I	astra/patterns/JTE.tsv.gz	eafbcf3a46fd9717bfb1a76186221adb02c3861a2859284e580ac0a6f16312b1
I	astra/patterns/JTH.tsv.gz	11acd7645c5a9cf02cac578375d107b70b79b7bbe43d6ebd702448c64ea11c8a
I	astra/patterns/JTJ.tsv.gz	3f8464633b8b4c80f630484ad727bd4c218c12982d4c59320ad4f727a2159708
I	astra/patterns/JTK.tsv.gz	71da4907498233ee73ce333ea1bc52de227a47cad17c9c1beec1e68c079fa863
I	astra/patterns/JTM.tsv.gz	c7d8ff1e55154536160789a107d87911abae3b688596db1653d27316a13e4928
I	astra/patterns/JTN.tsv.gz	a4a3bc77a174c154fca8850e12eee4af9515ffdba0e99385a59c2fcd8957c26b
I	astra/patterns/JTP.tsv.gz	bbe580873f5ca11cb705d889ca744c6c356f9f29d22694e92f1f40f737c8baae
I	astra/patterns/KL1.tsv.gz	0d4a1733ac6a0d8b65b1483db23504e661e37eb3563489e3c335032d6df5d065
I	astra/patterns/KLA.tsv.gz	ba2a79ed00d5233f75559a4fba3a359ab322ca87db0cc107ed216eb9faa4ed4b
I	astra/patterns/KMH.tsv.gz	fec9c31c66e6e009fa33de2ea49b0d61bff1934bb2372a7297eb9e5fc653c628
I	astra/patterns/KMJ.tsv.gz	6498b050923083b10c60622b207a37b764826175cd7b62ebdbce0c6ec6cee80f
I	astra/patterns/KMT.tsv.gz	3fda4387d1882ecddec11c3629c88d453a749eed72f586c0063bd0e08bfc94be
I	astra/patterns/KMX.tsv.gz	f6c224441b806dfda23e20a1a59c5d6063a12dbe2f20495718cc0a759a91876b
I	astra/patterns/KNA.tsv.gz	1297f684e1c849bc8762337f69ad06212b71c3cb0b5d608c79203af9ab94d7f7
I	astra/patterns/KNE.tsv.gz	ea9f7a4fc3c98be8d46157e8c094402e6d7233a73c2142c770d986728a6d61e4
I	astra/patterns/KPT.tsv.gz	78c113ab3bb759912ed1eca7ba21313fa152ebfc7c19fbc6825ca490ebab05dc
I	astra/patterns/L1N.tsv.gz	3799194a5b455c5e8c5e6b40b4685e4f754343b684a32dc9da6bf8022560150b
I	astra/patterns/L6T.tsv.gz	d85d9b65bf5ce992744883a328b634a66b379296d50e16baae0d8ec8ad1107a2
I	astra/patterns/LC0.tsv.gz	22a4a4ee05bcd4c3b611c8ed03a83d3ab93b45191914953835ae0f2d6a06bedc
I	astra/patterns/LDP.tsv.gz	8bb1cfe82ba4e90a745666a52b0770019e4ec1a1718f75b9305aaed16e66e042
I	astra/patterns/LGK.tsv.gz	8624e7cfb79d02c87e459ae62e753777bba63ff70c7c525cbc507d06d4da6b2c
I	astra/patterns/LGX.tsv.gz	32393b46dd82d7df4e9a28fa7e4d86c24a54ba621ea4f9d9f625abba3345b9b4
I	astra/patterns/LHG.tsv.gz	4504aa296e3ec1d236ccd5ac2651a9f366f106289e219bce376407d018cbe328
I	astra/patterns/LJ1.tsv.gz	128968df696cbf11653025a6b5079102593f2282091e3a78ebb928ddbc518ce2
I	astra/patterns/LJU.tsv.gz	0a0b4876bef75171787872d66d30d9159171359745c5bb7c1a401277b291bec3
I	astra/patterns/LM8.tsv.gz	1ad782e8e56e6f884b5be30fe06f8f61be2e7515c0a1dcd6a593424787f5ea89
I	astra/patterns/LME.tsv.gz	117f43587131f8071b1d83ad7469403d88eb42e95d747338626350fa924728a9
I	astra/patterns/LNB.tsv.gz	1cc0432ef417aa533488bc4630fd462ee46ade8f007620468368e9cda3d3d1b2
I	astra/patterns/LPS.tsv.gz	e392971c28d31e9b83b872f781d4273fbb8e19fa6856f7d8df5398ec4aca95ed
I	astra/patterns/LRW.tsv.gz	e36ddba42759253994f1526cc4dc8552fae912d31e5f9005d9ddd6a9c57bc0d1
I	astra/patterns/LSJ.tsv.gz	75cb7b643558a93b457de7e6c6b63593f00391c716c5f31c3bc3737ad2050840
I	astra/patterns/LSK.tsv.gz	73b05196d3ce2faa945c903b0d255155d57c71cd15a5a3bbf5d906c59ad9f74d
I	astra/patterns/LUC.tsv.gz	777fa9f593d7fb3a506dee04b26ff0ae9b0866f3b15f82759274450b4e65b3aa
I	astra/patterns/LVH.tsv.gz	8c07066a38cd4515c4e875be988d05e5dfd4bbdf4183da0ecb21f3949e9ee994
I	astra/patterns/LVP.tsv.gz	b36d58380cc6228edd1c3709ab5b0847cbef45fe07527826f3babb4bc5f6d227
I	astra/patterns/LVX.tsv.gz	e923d1522b4ca447af2db151f29d5c8e5c22de0d6f5a3097bace6200f7ba2037
I	astra/patterns/LVY.tsv.gz	670ed29eb3396c83a4a41ac0f6eba7e368117ec834d3b907acc7bb8d9ebccc9f
I	astra/patterns/LYV.tsv.gz	630fa2e93b098146dabc01e5563b57f224f21db92a8b14a6365216b93a081c58
I	astra/patterns/MA3.tsv.gz	658f685dfc1e7de2cea6e8ced7150df387d329b5157e5bab76e4189f62ad922d
I	astra/patterns/MAA.tsv.gz	5d6c5aa2a2fc6d76b847ef19ba883e7d79e7c877ade5dfff741186cdfab5fd1f
I	astra/patterns/MAJ.tsv.gz	d3de86b99c91fdb2d9aa58365c3d090759608e0b0e45a00527c138affa260ea5
I	astra/patterns/MAL.tsv.gz	4bc76c66f6f25bf10f7a9e6a7908a96bbda8a40e32a96c268e7e724174a5e96f
I	astra/patterns/MAT.tsv.gz	8f7e2ae1930d381d58612677ec8a88280e2113844ed7a393e0914baf535e37fb
I	astra/patterns/MBH.tsv.gz	011035589f6285d00814d01f93a25b8b7168a1994797e5de447b141fe8050702
I	astra/patterns/MDH.tsv.gz	cbd7a54142d820a9fe2952674582fb836e7bea755bd50037448dbd727297c55c
I	astra/patterns/MMC.tsv.gz	bd78f8c324b17c9062b8def9e485a8f95000d4ae50c5cffcd5d8315c6b8b3430
I	astra/patterns/MMS.tsv.gz	21436ac75cc2b7a3dd22f0c9d91e3ae3a02e738929ddac3887b52b28e163d081
I	astra/patterns/NLA.tsv.gz	adfa1ffc8c50c9fd4bcc55b0a93de1a4e0e92ef881f77c490753d3df7aefbb99
I	astra/patterns/NLH.tsv.gz	2dc6bbdcf1ffa658788159ba2fbc7b690da46262720a8629a315d4e132a076e2
I	astra/patterns/NLJ.tsv.gz	8f12adef483d86bf0b93212023ac0d2bb8d5ff1bc97244ab8045ea42188d2ce9
I	astra/patterns/NMT.tsv.gz	ff847b79aea2e28d9df4212d366c523eb73a67be8aa97cf7bc6bf751323b9e36
I	astra/patterns/SA9.tsv.gz	ccfe15b150c85bc15e7e1c116395a1a5ac52e6fd9ec13a0a197988e02ce8897b
I	astra/patterns/SAD.tsv.gz	cc1a13bc9d26396815d9d73179a8c42d84032d9fe22576c58bfe641965de09a4
I	astra/patterns/SAJ.tsv.gz	c7b8f0cdebab9912dd9ba5fb0556752f1817eebfca4a1d4252ea9f0d14540d58
I	astra/patterns/SAL.tsv.gz	9cdc68b39ef294493f8209f50b5da03bb225bd20ff53934f1cfa4bdffe76f183
I	astra/patterns/SAR.tsv.gz	6d9e4be93445c48fe785804bc59520c47ed31c7ce9ac9849eaee4dc78db43024
I	astra/patterns/SAX.tsv.gz	205a6b1eb304d230623f2f1d7cd590c2b676d3ec52075a59dff476c43d29d741
I	astra/patterns/SB1.tsv.gz	6a71d0bf7d58e7bc963fd7cda8c432175c93f866f8df740da0445f7ca132056a
I	astra/patterns/SBM.tsv.gz	8995fc5aafb3144ccc567362e4c374a61d29a8d5ecf4f134e7cb32288320de0e
I	astra/patterns/SC6.tsv.gz	917136676e75d7224d328621d41b525beb5602e4735e4c0df1baf7131018b2c1
I	astra/patterns/SCA.tsv.gz	d59edc8c3500a4600b328e9ff770533892488a29384b203e83249dbf97d9da55
I	astra/patterns/SCB.tsv.gz	6fce5f03a30c114ecb43f2d77af0dccf3be0fa19825cbdbc2ab063762cfdad1b
I	astra/patterns/SCC.tsv.gz	ce55e29c981ad5af850d1a8e853e9e6210c9fcce1f96c1eef0a9505a3fc93cee
I	astra/patterns/SCF.tsv.gz	e0677737be160c58976e61ae88ce2d3c43177444fdee0dd2a5b8d0b734a50aaa
I	astra/patterns/SCR.tsv.gz	7a714bab80c22b62c9216f33ce6042f4abe15ae5e1509a6c359550075e9af123
I	astra/patterns/SD7.tsv.gz	e937b4b4a087acec942adff7f79ac5c07f3f1d54ec440541a8cba24a22c55b34
I	astra/patterns/SDK.tsv.gz	cca70fdc3dcefbd4d833d00ff4f1b1bf178b79038e8ad00e4b1e0caff13f2e86
I	astra/patterns/SDL.tsv.gz	16f32cecb4273100ef01d69f52cb7f3a0c6db7b7c23dffdf2fc9764cff0b26b1
I	astra/patterns/SED.tsv.gz	24535db5713938b83efe83b8734527275c4b8abf063da18fcfb6780f9467a60a
I	astra/patterns/SFB.tsv.gz	aaa2011ed1e1ce38195cd5c9e317bf61f5e45ccc11a2acbcf43d3a78ed8f9769
I	astra/patterns/SHH.tsv.gz	3a044f545f5f5294c35096c18ed2e22003c2afca68826e85bf55c7a530926440
I	astra/patterns/SHS.tsv.gz	417a5508baedb222967f4956662c8098d4c681bca073b1a59e92ca3f674f7216
I	astra/patterns/SJA.tsv.gz	a2ffba9c2722ef9bb660d9ab85d50fef67db3a6f41ddf2b2cd81b6a9cd08b276
I	astra/patterns/SJK.tsv.gz	9b18f55a936ab68e04e40523574afb761e85b1242ce2825ef7d873bdfe665a5b
I	astra/patterns/SJN.tsv.gz	56e58a0395aa81abc824d53129f9abd1b35fd2377be3185ea65907a19c3dcae1
I	astra/patterns/TAM.tsv.gz	90be09bc30c99700bed307dcaa33c79c45229dfbbb9c9dff7fcfd024293cbbf6
I	astra/patterns/TC9.tsv.gz	c3830fc21c091adb44961d9a004b471fe02a85b57bc0e56a4c238fbe2f78110f
I	astra/patterns/TCC.tsv.gz	1042b226a7305035ee8c5cabc13ccbadf5e292a2ac1ad99fb68dbefd2f7314c6
I	astra/patterns/TD9.tsv.gz	c0b21919c338ab05f6968175301052825dd5a3eba7fbe4150e3437ac02df99b7
I	astra/patterns/TMA.tsv.gz	774d4ca734298f313f55dd870d5a90b1b7282e66636ed35203eb3b7a0ac81aa0
I	astra/patterns/TMB.tsv.gz	13055ff04fd6485e473610b8fa063777088236d88062750c85e0b66b756a1c7b
I	astra/patterns/TRU.tsv.gz	a5d5f6172c1869295bf615fad9e39515c02d878788fc2854cef02a8b9d3f7b6f
I	astra/patterns/TSM.tsv.gz	e40d1a219ce729f854e02603518cafa1493e7c730b196a2382304448dee541cd
I	astra/patterns/TTE.tsv.gz	7b7bd0d46454d051d86a9f04aebe2de5cb11b2f980c42ea03287d033a12c3513
I	astra/patterns/U5Y.tsv.gz	089132707c455b3344d160f018e07d9d2e9748eb258a2c3a904cc80010576324
I	astra/patterns/U6Y.tsv.gz	c8991dea28afe8286fc39bfa291147a0f02cb6d1add7893c06c30ad40203263b
I	astra/patterns/UA2.tsv.gz	b46c798c5e9e457455cf4ea6f065a53bba65b13027112813cbf09ac3bc49c656
I	astra/patterns/UH4.tsv.gz	2ac53692e9fea756b9e465b9090160ee7021c0fd4fd41628f7fe487254979463
I	astra/patterns/UU1.tsv.gz	bba5bb6273efbd09f1c654f4c431dafe22a8e2108c62e20e8fedcfa40c0fb69a
I	astra/patterns/V39.tsv.gz	aee2c6dab19f9ab78149523fcd0f3ee81bd0fbb8f3aa8642b2e1eb4a369b9d82
I	astra/patterns/VAG.tsv.gz	1dceedabab71423305f0a8522e9a189defcf4d8c4498ae7e39f5684099cb2a90
I	astra/patterns/VBK.tsv.gz	bc21dd16c05789f1d1c893c1447536756aadc00044a442a1ddb967d79e34f73a
I	astra/patterns/VCF.tsv.gz	c51e5ec783190d49a92f7a852cd8ff628cac41635fe0298085684c758f4d52a8
I	astra/patterns/VF1.tsv.gz	313beab4726af3462181bcd0c277a17a5dd0c0ec32365af23df3541c1759dec5
I	astra/patterns/VF3.tsv.gz	3eec32deaf9b2eb839db58631719f627c275a9fcdea7723d882910ae1df05c53
I	astra/patterns/VF6.tsv.gz	6b2a118cf0716e23899b2e7c7abc042b541e1c12fd2d2722776507a6124beb89
I	astra/patterns/VF7.tsv.gz	3e05b0f210942eff7cd1f7a9a087d7380299f40cbd021df89e73641562dc21a4
I	astra/patterns/VF8.tsv.gz	d7325078b684c4aae411c281f7d3d02f63e734731dbf967eb3e0dd4a1e1acdda
I	astra/patterns/VF9.tsv.gz	2709e8249300cfc2b6d6bf287a5dd21751db3243a85817d5a49f062e4699406f
I	astra/patterns/VFA.tsv.gz	709a72e3c0e69867abc7a62c1811eb7ce6c2bdeb9d5e9d6e383ade6b7484b87b
I	astra/patterns/VJR.tsv.gz	4af7c02fad26c492261b41fadaf746ae8f727ff7946a42885f184e6db391a7cf
I	astra/patterns/VL4.tsv.gz	d468bdb1fa2d9e06cef1bcd7585325ea68cf6f3f602c48c9efd838ea391d3960
I	astra/patterns/VLG.tsv.gz	36b0316d882bffa68069e86f183d1ba76af1d5bd169b45806659a99f4cc56dd7
I	astra/patterns/VMT.tsv.gz	1d6a37519007d7471b89871fdddd3fbf22e8cb8e21de6edcc8c9f1ca39ca76fd
I	astra/patterns/VN1.tsv.gz	61ef6a56853a2ef62ab4ac0a5873b918b32444cc2433a16c1084a4d73fba1593
I	astra/patterns/VNK.tsv.gz	e2381d911f5948855ec7bf033462771b6342551c37f678b0c1d43b1350a2def5
I	astra/patterns/VNV.tsv.gz	78d7283c82cc1f80e208dcc7a28372af8990b91d28a8c7b208a9fa807185354f
I	astra/patterns/VR1.tsv.gz	fe0acc606c712d871c3f0f6123698eb6003fd5b1a74a516805a68ebf32301641
I	astra/patterns/VR3.tsv.gz	ccb19ad203e98a1316059d46451a7360068998723f42378ffb5d4061e8397562
I	astra/patterns/VR7.tsv.gz	768ff3ec34c1cff30b75c6a096d755100490f3565ae5c3fe3b02ff8cadfe1ab3
I	astra/patterns/VSA.tsv.gz	795150664fed63cbf526d084605a7e2deca84ded12fb86fffb20ac1a8ec3dc71
I	astra/patterns/VSE.tsv.gz	ceb8a95cf0fabb64c5269a14712a71bf5215a8cdbaa6683cfe6c6ff4bbea83ce
I	astra/patterns/VSF.tsv.gz	df1bddaabb0665df679204116e2c4fc536e55c290d63169d1d672b5471f89b70
I	astra/patterns/VSK.tsv.gz	d5f8c8a85e80084c89f9365168a59e6f7d711d19786a278f6a9591278e869f5f
I	astra/patterns/VSS.tsv.gz	b6caca2503c956470afc82e0f790c3bb66d2ada58648b1f56e414b58a9aaf24a
I	astra/patterns/VXE.tsv.gz	ba9966e5d463e68e9abd505a8acaf62c936a8f5aabc7a211b6159c4b6267d078
I	astra/patterns/VXF.tsv.gz	4c0ff417157ba0b29d22de0f829a6e1ebc2f6f5743034bf307c92cfdeb521889
I	astra/patterns/VXK.tsv.gz	f5a5b44f0d2ef27d8bc34fdeaf513e6e82240aa5f4852adad3deb0a486f4f119
I	astra/patterns/VYF.tsv.gz	126b834716190abf5e638a63258f0327dd064b60430ed4baaac58d3f3e9254dc
I	astra/patterns/VYS.tsv.gz	8e2c2186803987b5c90399643be454803fe34eec8ded66dc3630311f1c9458dd
I	astra/patterns/VZ7.tsv.gz	ebee3e151e504e045c4f60c0dc3241f68eeb0d805199fe96b7a9fba3ecba6b93
I	astra/patterns/W09.tsv.gz	d8bd6b3df882d2df1ad688e72eb402bb4980cb89d192018e851f3986b56629b7
I	astra/patterns/W0L.tsv.gz	59a7f677eb37685dcc4a85f15e2fbc0449c6bc621ee5733469b26017906f6175
I	astra/patterns/W0V.tsv.gz	cc00a4a06a79c0d2907b5943008b2482be9a08a8a040e33cf2926fedcfeda7b3
I	astra/patterns/W1A.tsv.gz	a5c2c9972c35bc39edcd868027a04505ca88dc4d61ec986bc852fa613ab6af8c
I	astra/patterns/W1K.tsv.gz	40dae675ede58ea0090dd163c71acf1a47d5f22b7fff4aeaf89e2670b39c9176
I	astra/patterns/W1N.tsv.gz	d591606e4976eec4442a31d23e6e2622ef27a5c735fd502cd3cac287f73bf626
I	astra/patterns/W1V.tsv.gz	f8dd24c5dd0a60b2e519bfe33764902b2af7937f303a0d3344795d173a37bb5f
I	astra/patterns/WAP.tsv.gz	4120df8d8e5481a62b87e505f861746e4909f35042e368ea5ddaed29e1babcef
I	astra/patterns/WAU.tsv.gz	7bb255f0b02b85e38de5295baf7a46dd05a5654ef8819230c80be615d7c10d9a
I	astra/patterns/WBA.tsv.gz	416cf032e86d9664b34c4607d83d1b76e237ac88ade5191bdd84f7d468a60e59
I	astra/patterns/WBS.tsv.gz	a9eb187342041d6351ae0481a44d1b94cbbffc6ebe51a1f895fb5897eb331c30
I	astra/patterns/WBY.tsv.gz	a28843f10068c88a65c0ef19effda0fb9b08d9ad8a0bf80179cf05133d5d00cc
I	astra/patterns/WDB.tsv.gz	055521b30632415a60f9cae30b33860afb378418dc9cf931c710ed175d33529c
I	astra/patterns/WDC.tsv.gz	57b9e1ef5a68fd927d581b13c3409afbe42b6d34542a48ac7c2170a04ed37be9
I	astra/patterns/WDD.tsv.gz	d7d96a963c3fc9d2897b8cecdbf1b33b35199762c5627cbf828a8eda8fe3527e
I	astra/patterns/WDF.tsv.gz	a8d910471bf591f9a6f78e281ca92327027ccbd618df2db9fbbdd4ce60ddca38
I	astra/patterns/WF0.tsv.gz	f593d27344b8cf56c7d8498799982e5c82509cd23660d8256a1b59f3984f84dc
I	astra/patterns/WMA.tsv.gz	c32a80b737c0b7849a92fcfd1a7e92519733b615417d3f266c8cbf8ba7ae124b
I	astra/patterns/WME.tsv.gz	afa518d96bc00677855e12f58652991c2817947f8aad67b5fbc5a7e004622fe5
I	astra/patterns/WMW.tsv.gz	827779ef90fa9af4e6f0716f9168459166023110c2cdd035ff6386958b722276
I	astra/patterns/WMX.tsv.gz	09c1f18e1c2716ab076fbf34de7b71f70ee0dbb714d152b1b200bc0c237ee501
I	astra/patterns/WP0.tsv.gz	85a18d77af5f02a525133fa0faab30a0c99ad145d327644a48c184d980519e13
I	astra/patterns/WP1.tsv.gz	b7042cd9094970ae003864ef33b610aeb36e23c196cbbf9df42948bcebcf1b5b
I	astra/patterns/WUA.tsv.gz	78b07f6672afa3f6ef8dc225fb2114ff451d0c2a8cf58832f29f705b24e2473e
I	astra/patterns/WV1.tsv.gz	f4798efa51ae50e9639afeaf3940a9817564cb35b945d0edfbac93255a3d8a03
I	astra/patterns/WV2.tsv.gz	ad11c0790eaee3f5a2b9d4db46b0ba99323375ba48dafd609a53544ef46bc1db
I	astra/patterns/WV3.tsv.gz	a9cce1cc26874f54c4f94aa559171a14b063fbef2891675bd97a8400e8f1bd2a
I	astra/patterns/WVG.tsv.gz	0e3cbd796e3c6eafc08194cf1a6090cb7f470140f06aa6354018e8e36301ba1a
I	astra/patterns/WVW.tsv.gz	6392bca00fd92e98028f5e0eb6ef7c26021ad7192c42bceebe6979df228488f7
I	astra/patterns/XMC.tsv.gz	35357e3182b516424a340722f2c7759bbec2a8cb5ece5ac1dd6be421b17b9351
I	astra/patterns/XNC.tsv.gz	db28e76be622fee62010027401d0cf804cbdf4c131b5548dfe803978161ef381
I	astra/patterns/XTA.tsv.gz	110c1e31e7fb6e53a2b8993573afc1dfdd9c8ad237786262aeb5f4f1c9802c5f
I	astra/patterns/YAR.tsv.gz	c8111b0bf7caec12c9de3b2d647b8eeeff23648d498e97f112b003e7d0bdc7e9
I	astra/patterns/YBC.tsv.gz	287fa167c440c2cb8a5ae2261be9e6b85557181128e37242ed89b865a3e7e044
I	astra/patterns/YCM.tsv.gz	098ea6816828f422422acb47b3095e72fc919e9839b776faf62bd51b60cec447
I	astra/patterns/YS3.tsv.gz	a6e0072693fc5ffc18269e9260f886a9ffe0166047304a2d0a81095ed8c7140a
I	astra/patterns/YSC.tsv.gz	74a149c423cbb7e80a40490913c003200dd5b9927051ab8e5eed8165d7d86607
I	astra/patterns/YSM.tsv.gz	b2f6d4421ebb1a7d09d7b61ce50d2c40167ad5ae9e6b34c7e9fb010eda160162
I	astra/patterns/YV1.tsv.gz	3e43e42f1845933845c1d96f2773a8e5c83d0d9b84b74f4362331dc60b2c6cb5
I	astra/patterns/YYC.tsv.gz	65441757910f8423ec359ae99ef26b6995e36573c6fe91eb4ec4cd0d78c8b873
I	astra/patterns/ZA9.tsv.gz	1014da38fcf270a832dcc0a2f8ceeaeaf314685e8cc0f224cf26f8349130f624
I	astra/patterns/ZAA.tsv.gz	92c206a22a035b2738fec9a3c521efa834c3d1411a115fca41143e6011dbf92d
I	astra/patterns/ZAC.tsv.gz	3a9d3b64820833ce63f24056801229a814ef6c6f970f236da14b258e947b0036
I	astra/patterns/ZAM.tsv.gz	158772c84cdd6932539cd089ced6259dbe8146e178ac1f6cf8485fe449151d51
I	astra/patterns/ZAR.tsv.gz	02e88787fbf26fb018893da5faea0db33e2548b07a0afffdd47b7ff25b93f01d
I	astra/patterns/ZCF.tsv.gz	71ebf123092639d56cea002473dabfb44384089939578b8af16f0b9248711e60
I	astra/patterns/ZF4.tsv.gz	f5875052e2b1b371929d9f678b337c4a3d8f89303466919fd741d585f13e7ef3
I	astra/patterns/ZFA.tsv.gz	573f266100adfe8cdc66e81a941a778bad45d42023eeb117229749c33e622216
I	astra/patterns/ZFF.tsv.gz	81b3b4f8eed8ada8978e0d7de1772d1a44487259c17966b682d8ef85d69ab528
I	astra/patterns/ZHW.tsv.gz	2da11c543443381c60e1e28c4c4607c82014f8d0269c04c2238ccabeb2faec5f
I	astra/patterns/ZK7.tsv.gz	fabf74fa13b7e97c97476c6f757ddf4c8a3bd57474b1887360461ad40316228d
I	astra/patterns/ZLA.tsv.gz	0d9fa04d1c57f30904d42ac8bd2dfa97bc55283cd565c4dbed1986fb13031c33
I	astra/patterns/ZLF.tsv.gz	26e2c3b5af9111f3934d0801a421cae0c20eaaf1f6483ca9a20d26c4c543f793
I	astra/patterns/ZN6.tsv.gz	57ba0c08c12788a743a042e57e065d2ab3298049f45fc098b0d5e7e85529caab
I	astra/patterns/ZPB.tsv.gz	9a8d80584c404f4a9000978844ab559e40b1fd0a0a43f97ad734392259e48e7b
I	astra/patterns/ZY4.tsv.gz	e51d6203662383ea2d066c44533d9f074587a2cec8177cf96946bcff44df8b80
I	dataset.json	0c59b0e7d6e8ecab95cc9a34a952a1ef2072a039d0692a28a62a76c0b7c620bc
I	decoding/index.tsv	c684e34f94ba63e1f289bfcbf23dcffa97b38ece4835097dd9f8ae7a47eab9b5
I	decoding/metadata.json	d76ae245905f2ad50bcfa91c5aaec524d59948afec40b4b81b57d451d6fdd383
I	decoding/patterns-000.tsv.gz	d057ccf693c8d4f9de2719247e2bd016976b57c6559ace09bb3c641d00be0a02
I	decoding/patterns-001.tsv.gz	9f495e64e7f9541572203e03874d6587c235b826bb75e93e0fddf6867726374b
I	decoding/patterns-002.tsv.gz	febcb3a27c2a34fccf38f93662b7b291e35914c1b5ce2e8c33240fc74575f01b
I	decoding/patterns-003.tsv.gz	b6de3fb3a54ec3ab117dad78e49004ea3237fdf2441f4b6264ccf3ce5e873f12
I	decoding/patterns-004.tsv.gz	a6ffec9da05ec663fe8f22e79f82e18b0221b2951e2f7bf71c74c33e547a10c4
I	decoding/patterns-005.tsv.gz	50f7cc1b036b35080ec157b0955722067a36c0f45b6e6a7942a05717b5614537
I	decoding/patterns-006.tsv.gz	2f3e6adec7baf3e8755f25003913537ed49be31178537c485261db2395bcbabb
I	decoding/patterns-007.tsv.gz	846847c46e51073d7cd5767d28875ba75c4c123f940d7d30416f2465fa6fe79d
I	decoding/patterns-008.tsv.gz	6fb22364f164ac0ac26c6600ab9332b1d1792eca68d40860b3962b0eb26acfe7
I	decoding/patterns-009.tsv.gz	2b012c3b0d447f51957f87dcc67551dfb5c0e8cef92b747060b766296f6362d7
I	decoding/patterns-010.tsv.gz	85147d4b3c2c0ff55dd0ce3b82d5aff207894300f593ac956b9ede2fd2143316
I	decoding/patterns-011.tsv.gz	54336dd782ef2cd4fcd7f1c110ab1f575b0b1352bfd9d1b1eb2ae855ad33ba67
I	decoding/patterns-012.tsv.gz	2caa9831564a28b8558e63f49c960e417988f3d78f8e48002e5bb593a6c71947
I	decoding/patterns-013.tsv.gz	fbd495c7d9a22bbee11f05aff57a23bcf6352281d40ede6cf95859d10a0193e5
I	decoding/patterns-014.tsv.gz	f0d857883f5a58ea55f3cbed7b59f51052965056e3782d33b59048af6defd840
I	decoding/patterns-015.tsv.gz	d8e0f43b3aa58cde6d94dfab799c05ccf7c56e105df495b4235ca897b391edb8
I	decoding/patterns-016.tsv.gz	0591aa9b1220cd2d770a0b45aef7b6f503b6d10b9e0b3b046424b32f06237d13
I	decoding/patterns-017.tsv.gz	a5b954490eec59cae78c603c45d6a1ad740e303484a43f739fe531021dcdaa83
I	decoding/patterns-018.tsv.gz	fdbc812f919d453d427059b14950d571993e666e170d214290e58277e12f919d
I	decoding/patterns-019.tsv.gz	fa7730eb4a98ce5a1a828f04f90edcbcba4207a50d990e166430c656d496971e
I	decoding/patterns-020.tsv.gz	8f6ddc6138f91383b2c05969aa22c48deaccde7c77cb5aeea9abe1847efbbe12
I	decoding/patterns-021.tsv.gz	43b7454059b7e2cb9da525737197b8062224aedd15ee3060181118bb5fb66270
I	decoding/patterns-022.tsv.gz	08899cfcd21b5f946357e64a2825d8d8b522c6d0636f771d39eeaa4fd0d39528
I	decoding/patterns-023.tsv.gz	acd48df5334db43323dbc10aff0bb1f6514043b3017c2174dbf8dee4c6c0fd56
I	decoding/patterns-024.tsv.gz	cc700cb15783f86c6036395efa1e22b3218bbbb9b7716c3c234adea7288c87f2
I	decoding/patterns-025.tsv.gz	0f5eb6e009ae6f95d106dd10cd08d65f3b342f959a152dbf1d86a4cfa3a21e70
I	decoding/patterns-026.tsv.gz	df98a2af6a63e41640fb625114246c77da195964fd493b635f02e1a3e2f0e1b8
I	decoding/patterns-027.tsv.gz	3b1a00c3edf39900535819a2e3ae3167f021cfd9b71fc5696b65df9b94402d56
I	decoding/patterns-028.tsv.gz	f3f40099c9a8166a44c0a247fa05a561ee87b7d8733f97618446a4ad90fbc03e
I	decoding/patterns-029.tsv.gz	24a26ee6271ff49cee511bfbe7f7b380a57a04c6ef84697b93bae5dc1767cfff
I	decoding/patterns-030.tsv.gz	d4c4fedaba94aa617cb99d564f38d8dde245f9724d63dbd2c27d5f2a5e5a1889
I	decoding/patterns-031.tsv.gz	c7428bf062961f63c1bed17df28eb0a714c253fb0dcb938bffd9734e1c511607
I	decoding/patterns-032.tsv.gz	13ec4771975cdd5989e17c63a123b03d5fc0ee145c9bae60f005202da248b696
I	decoding/patterns-033.tsv.gz	3a4c1220bfb8447eb708c3d155c88d6a3e1d78f9e5ea24f99dd3bee1c81c2275
I	decoding/patterns-034.tsv.gz	4c5fbbaed45f1d717883e9e195110bb2fa4ca6c33c807818cb9a980f8db23d41
I	decoding/patterns-035.tsv.gz	0d644fd48835eb85c0509e72c4cf0f68f09faa7d78ff704c80b7fbb43ad48855
I	decoding/patterns-036.tsv.gz	e42ec3d84b6670042586360f6ae056b85ed380b2bbaa369c55c26a812a3c8cde
I	decoding/patterns-037.tsv.gz	919dca464016a8eb1d39c6d1f6ca1864224386c03cd425e030ea9370ad441bc2
I	decoding/patterns-038.tsv.gz	b45b9879a2952e51aee973502d45ea46afe77fddf94fb7b39fb0c2f3677fa90a
I	decoding/patterns-039.tsv.gz	bf6a00c0484929293a1980e22e4ee8244760a46895e2726731cf5b6b14090128
I	decoding/patterns-040.tsv.gz	d87fceeedb25cc968505c28f47e82a704a5a3397d97f72b1db88c3f7a20a600c
I	decoding/patterns-041.tsv.gz	cc9f1945877363e776d92c6174d315defb97192f226ffb162fbffc690948a231
I	decoding/patterns-042.tsv.gz	d4b8fd26dfcb1b54062daefc962023386814affccd280491b8699cf2f39416ec
I	decoding/patterns-043.tsv.gz	df94080b7236a5f3d11682dbb5d7fd4f1de40f58ef68aa95c402d26b66485644
I	decoding/patterns-044.tsv.gz	de36275070ebfd0f5f436d1495bd48e92865b7afbb19b2f54feb70b1ffc737ba
I	decoding/patterns-045.tsv.gz	841dd9b1ded9509d1542832b50674d5f4efe1a09746134250c05246f319b6c46
I	decoding/patterns-046.tsv.gz	29b49dd8f5dde4f513e003a80a73212a996258ec823f1bac8125249a58b6aa3c
I	decoding/patterns-047.tsv.gz	17e668db6a21d79fe4e21d70d9d09cf69c0b87151221a36af612fed0d73b48d6
I	decoding/patterns-048.tsv.gz	9a5b0123d067bbb055e08b385bad0a7d91ff6780ddc8087ecce24730edb2380c
I	decoding/patterns-049.tsv.gz	7f1083383c5d986f23b356f7f51cc4cfcb493d08fe18a27b8685845a3b30c096
I	decoding/patterns-050.tsv.gz	d36b893cc2d5e0f0ce500824e6a1c3e4c464a7a0cce58739d7501655d3a84bf7
I	decoding/patterns-051.tsv.gz	20541de9b1aa1ff071de07aadbeaf559a246b53aea62522ea8967821ec66fc52
I	decoding/patterns-052.tsv.gz	70cf507c645698a031f74eac5e5fa336538b5f690c53034f54e94bd2e5017c3b
I	decoding/patterns-053.tsv.gz	c4f6032d6f0746b18f694ce0087f336ef619eaa4a6ee8890d9d2410499e00582
I	decoding/patterns-054.tsv.gz	b3266fc5bf97a66d63ab7160d86db9e1ec2e98991046743ac9068d8608955d1d
I	decoding/patterns-055.tsv.gz	26f26abab1747a8cd9139332f227c270a4fc63b9c8de4a01e31933d54c7ef318
I	decoding/patterns-056.tsv.gz	2507bd7db8525ff14472b67238b4123b9f6c71a8489bcdcef8bb6afdb76f6a01
I	decoding/patterns-057.tsv.gz	13f5180122cc968e6ba9ac0479ffc2b902bf05d6c9cd038c1b8742fd5a2a5fe3
I	decoding/patterns-058.tsv.gz	d2b3f672f692c9b3edb4a401fdd48d688d1ff17c13decf04afb63b08393892ee
I	decoding/patterns-059.tsv.gz	741c18a3e39a0f8a483e0c0a69f450d82ef854aa3c1df894284a161e084d9d04
I	decoding/patterns-060.tsv.gz	f04516b197076081479e0e9adf2b504a9813031c4787dfdab9ad5b6375457abc
I	decoding/patterns-061.tsv.gz	7f3e00ade6b401818a1a1a2a59c2ed28c9c92f6a88858ce8c1f0ff3a8cdbb9c1
I	decoding/patterns-062.tsv.gz	eb079fbf30eb8f0a24f69788f9eeb19add89f40fa542ff38847df836d6b7c96e
I	decoding/patterns-063.tsv.gz	9a06afcd605c0b2b3bdb1ed006f384488f7aea3e44401d3740e57f405bd7085c
I	decoding/patterns-064.tsv.gz	84e1c9f57e0066a0529a63c94378c30b2308f0c7b6a0f23be4bc63472ef811d0
I	decoding/patterns-065.tsv.gz	4a28bb473c6ae541a649935c87e1136023ad162333c91d3dc76e335825cfa01f
I	decoding/patterns-066.tsv.gz	7d2811b43e219bb064d5dcf53c492695ba8a18860c70af75338e537adde497d1
I	decoding/patterns-067.tsv.gz	72afcf0ae49535127b3263086912ffb20cee58b1a4ce130de687cd61bdf4bc54
I	decoding/patterns-068.tsv.gz	b05cc5e9f9933c8f2d5fb6931d81cb881954bc2a98843d769a6201e5a5b2f372
I	decoding/patterns-069.tsv.gz	a50c19d36ea3f0cbe575053144156f07e748d844c7a32ae1cba51a078be228ce
I	decoding/patterns-070.tsv.gz	bb00c68447b19b876421d1219d95bff42d6c31fdc6591c16e74623284e7a98ce
I	decoding/patterns-071.tsv.gz	c45dd2342a7c2c6bd49598757656e9f9334db08850065171df538122b79a41fb
I	decoding/patterns-072.tsv.gz	c8a9c9ab744e91835670d6f0004168aa1004a75c7faf89bbfbf5cb18ebe040f4
I	decoding/patterns-073.tsv.gz	82467091f488964f98d163cc9d7dc24039df849deb2b163cbdc095ac2057d803
I	decoding/patterns-074.tsv.gz	32ff24c2726998ada6e11dbc660ffe64139d41b115556b7ed9a7efa6b1d3623d
I	decoding/patterns-075.tsv.gz	ad72b2e8aa7af82ec9df3ba2b6c76e48f6507592fb9c574ff46678dcb68ac181
I	decoding/patterns-076.tsv.gz	7fb65f754be51cefef975d1fa7d70192ef1812f549bfc7f1740d4b3cc6e0d189
I	decoding/patterns-077.tsv.gz	8e2fa8cabbd93fab7809d79e705761604ca93722b1cec8c9c953f35a70193d32
I	decoding/patterns-078.tsv.gz	bda0c3b10c55a6df84c70fa36ffbf1f22dbc4fb5efd1378f06e47c8611a7f91c
I	decoding/patterns-079.tsv.gz	12c0bbd161d2f6c4fdb7676573cb146013e28a6dc0fbc3aa54ba16d90b702db6
I	decoding/patterns-080.tsv.gz	addc3d170390e512d85d08d1ed706af0adb95bf90c39c91eee4ff3554abe1de7
I	decoding/patterns-081.tsv.gz	8597d615b13329d44e0ac1b0e0a0fe5ceacbac2791c0abd2fba02cda8112f76c
I	decoding/patterns-082.tsv.gz	7ffc1c7677cd881f884f8d46a2d238a36698ac481706c4ca7944dc460756f6ab
I	decoding/patterns-083.tsv.gz	b6925b0bbdc3415bb284924aac28ca823647bacb91c6b98bbc54fbd64853e491
I	decoding/patterns-084.tsv.gz	b36c17a559e6e49e0f742d9303b76a9079f99eda8243dee5b4d4136eca252374
I	decoding/patterns-085.tsv.gz	c12f4752a6574ee994fddb597b9d5284df76273aff0a618d3db68ca19d6eecc2
I	decoding/patterns-086.tsv.gz	874ebe8527b80f3900bf1b73152b473e3869390c7b0f56244f4f77c47339e583
I	decoding/patterns-087.tsv.gz	4ff0af07f074c896b2952f2052315710a02ef7c46cbaae5965d96ef4e3b8a011
I	decoding/patterns-088.tsv.gz	a485c352118368f1dbf03d2f0bca65ea52c3bdff8a9a3cbd027be5858ed4c317
I	decoding/patterns-089.tsv.gz	0e1011ef476e6161ec23944fa42621b4b32acec60e7d1138d80d7f488cd4a425
I	decoding/patterns-090.tsv.gz	437b18ff4df002186ed79c9c7ab13e1181fce69883001848733f25f162a8e92d
I	decoding/patterns-091.tsv.gz	a907d6cf012b84d05d22a89aef188f499bbc4da35d9efb907672723a92f95cd3
I	decoding/patterns-092.tsv.gz	2e808ec996977dfec2accdb028d970ae037aeffe493fd532ede90e6bd55b993c
I	decoding/patterns-093.tsv.gz	2dd6aaac7b23d291683b0cb03da7fa00aa0dfe16d30feb6b5b925d09438e696f
I	decoding/patterns-094.tsv.gz	2c381daf6c4b5fb5d67bb1ab61ac22756ffecf4779f9a3e9841909a7bcf04852
I	decoding/patterns-095.tsv.gz	1e0f404f59ab022087ed74eadf92a01f3148d6dd8fa7368e9299c6a7e75c32f4
I	decoding/patterns-096.tsv.gz	bcdd90cb0f3a373efcb4bf07ea25f5e612433a8712b54df891a3a7fb160aaffa
I	decoding/patterns-097.tsv.gz	bdb3dfdde7b866ff94a68e3f0140d2d9edd00f062371e2280a66a1b68149079c
I	decoding/patterns-098.tsv.gz	765a81b9b01230da40999deed8a5e50ce13886da187232b29225a0a610ce80d8
I	decoding/patterns-099.tsv.gz	0e678aedda2a93c0cb7081e5bef5fa7609ed6d78ce95ab09c58eeaa64447bd64
I	decoding/patterns-100.tsv.gz	c36d63d4d5b4c83174c8394109dc9440b61b234f8b0454ab2780774adf2aa550
I	decoding/patterns-101.tsv.gz	a7a213a399307396cf9acd40f0b611209e5beeb2d3aa8028199aa671be370fc5
I	decoding/patterns-102.tsv.gz	1df4e63b39166f30dd5d286e58170bbe110972e5476fe5e7e22475ba8a86b503
I	decoding/patterns-103.tsv.gz	580a493bff700fb74ca6911ff62ffc3982c31390402d72cd34e40ac4ec4a5b03
I	decoding/patterns-104.tsv.gz	b425d5b9cf330b1827860168f3d129b1a0006e7a02cca067a8722c9feb1d289d
I	decoding/patterns-105.tsv.gz	3a1b7e521878fa5299cf555923eedae01217cda744387d2f5a18d61b76ed733e
I	decoding/patterns-106.tsv.gz	60db15c314e5f42132c620933fdb88d6c860bf79089f6c3617ab9a32a6b72a9d
I	decoding/patterns-107.tsv.gz	4d12a5c7ecae44930e171e0aa1a4e833636594d3dad0316094620701bf408152
I	decoding/patterns-108.tsv.gz	46da8011c135636ca8ec48784d3311599d99d50a8093cc10415c0a918c8c806d
I	decoding/patterns-109.tsv.gz	0e2bde8a4291debccc888cab5797b4267c1c8ef27e868bbb723ff39974c99df8
I	decoding/patterns-110.tsv.gz	5cf6dba24f63fef2bd4582f14c9b5e0a2d907cc2df2498fa0dcf3284e5eaccca
I	decoding/patterns-111.tsv.gz	d312ef5cf85c6790724e7a37c0be5da2490067eda9e8877c42b8661d74d54e4f
I	decoding/patterns-112.tsv.gz	29fe4003cee6f394dfff9ba1e577d205cb15c0426a69410c58650be8115dab0a
I	decoding/patterns-113.tsv.gz	1bb2958ff8a64a97982eaac0dc44692224b19be87b5ac6660181fd3d7f18e6a2
I	decoding/patterns-114.tsv.gz	e05359973f729ed1063f0237e39128b1a20924cef65f292be8c2e2c991f719b8
I	decoding/patterns-115.tsv.gz	fce9f2b6ffa5385ed8287c8edbc13da6e06ad4a9dc2eeb128050d6e9c7e94a22
I	decoding/patterns-116.tsv.gz	fb75f261e0703a0bd3361e2ed01101d2c8a32ee70151b540aa545258efa12bb9
I	decoding/patterns-117.tsv.gz	aeec0608c6ef955daf880b32833da859c418d7e9538baec5ed8074da238e7b19
I	decoding/patterns-118.tsv.gz	ee2f997594f286071a364ee624e380dae994a0b63d5d631b7e66bab89f12a317
I	decoding/patterns-119.tsv.gz	b3b6b832e354d91607342a3604e8eef6045780019d90f79ab26913501604818e
I	decoding/patterns-120.tsv.gz	a569a730c4c48fbe7d6c19c6a7bbd40fa326be4a04321262cfc222482986961a
I	decoding/patterns-121.tsv.gz	96b6940a6800d2d88d609d7c326179407688578014e0e79f913d8c5d9d7c714e
I	decoding/patterns-122.tsv.gz	59d7789c81a7a4c05fb8f76d07eedf9af37f1b7f1d6009bc12c3ebf647260c24
I	decoding/patterns-123.tsv.gz	26381888afd612f552f3c21954d34dff453860dcb8809a3ec62b5ba4a162db5f
I	decoding/patterns-124.tsv.gz	7d059f693cbef98ead2512e999464f0d741611bb596fd435be5b062f71994d99
I	decoding/patterns-125.tsv.gz	4a8d7db0b66a3abcae03526ef82fda6000497292d038c8cd1d4f5e617a765608
I	decoding/patterns-126.tsv.gz	026fc1c768cbdcf988328b6eb6158bf93b649101fafb183a4585babef54970ba
I	decoding/patterns-127.tsv.gz	b35df60f87c2a4b31a0b97e9e07b20ab3f209ce27a21c9def743aad45a4d3686
I	decoding/patterns-128.tsv.gz	d591381f18003621d26100bbab90efb06ea351877261c5d0d9a0dcfb503e6072
I	decoding/patterns-129.tsv.gz	06f3929f43fb0edf9eb0ee8decc57707a834a06cabbd6ac62febaa6ed50023e0
I	decoding/patterns-130.tsv.gz	f788c008af8ba0563540f5178764e32191c5cf56b58c106f000a90bc5ce7e4f8
I	decoding/patterns-131.tsv.gz	733270a230b2b534a9678f68c2d54ca0e85d933794b91737a10a71deabc7c098
I	decoding/patterns-132.tsv.gz	0c07cb0752a328d6d29bff899863454e05d3828d73ad4f76bd6ef1a1e85139ee
I	decoding/patterns-133.tsv.gz	72b91a65880d4685d2f779037fa5f97a8f1287efeecd5f7907f4b638f2ff4ee8
I	decoding/patterns-134.tsv.gz	e8b8debf86c2ac4612cd28017c333dc13b49dbd82b1700e940983fcfb87a1ca4
I	decoding/patterns-135.tsv.gz	42064b7b45955e44739d2326548c207d1765cf1e8f48650e6d969b894319a947
I	decoding/patterns-136.tsv.gz	4a4da3f50017bac45f60ec9166709c7ee62538c92b5f70065568f82d20f5f515
I	decoding/patterns-137.tsv.gz	d3381f5878cc7cb9f8ba2c09235cefe2c1afc58b3788cf228c18e19276d99d4c
I	decoding/patterns-138.tsv.gz	1fb3b1776f80a68733f7c176cde58f85d24aeb7fcbd285d7e7b6358403121f16
I	decoding/patterns-139.tsv.gz	bc776316bbd1821263deb3433e7f36ab05c566093a9f452057c21638c46915ae
I	decoding/patterns-140.tsv.gz	65961eba3649cb34310f6370638a6e03b67016aabc6d08ad4e40b9c79de057e4
I	decoding/patterns-141.tsv.gz	03d23c3fee0f9c29820182ef2d710bd77bfb06d7bd9a4cdffc3f53009412c83c
I	decoding/patterns-142.tsv.gz	3fcfbcf733c5439378a38d7ca07e57153803aa8e2f6c8d93246b0da7673ca7d7
I	decoding/patterns-143.tsv.gz	f7673140008293a0880fcacdd3a9f74b0e1cdce39d64c52e9b9670dbb26f3390
I	decoding/patterns-144.tsv.gz	ff6b24a5e11bcc6b8fdcf458955bfc3209b17d27b3f0cc6b1e774c5b9896fdbe
I	decoding/patterns-145.tsv.gz	3f206f4831cbe453109b7f9595486d1e0c6fd06c157c5b026eb75313243a5ec2
I	decoding/patterns-146.tsv.gz	a104d0a3475be6aa5bb2a9659d2c6678e518a7be14c7d356179692460c69fcf2
I	decoding/patterns-147.tsv.gz	c8d834fb34707410fa464fa1d0875d7af1fceb9d10a7e816273e8ce57b0129d7
I	decoding/patterns-148.tsv.gz	1fdefc46aaa721d85b8389e162c923428bb288a62280621bbc772f971fcef1aa
I	decoding/patterns-149.tsv.gz	475329b826624d1738b16af8dfa43d8e1dc794bd4d065ddd558609b3c98c4809
I	decoding/patterns-150.tsv.gz	bd42cd886d03c572836c9a7ad68d3d6b779d3c07f044b713532a0c5e87b9e821
I	decoding/patterns-151.tsv.gz	4d4fc3ca7d78d3d4ae0ad4ca192d987029d2ae7391dd3de3cb7cb9bc6bbbe045
I	decoding/patterns-152.tsv.gz	3384953726d92980c639e118bc374245f6e76cd54bab9a0f98f3ae0387ebdad7
I	decoding/patterns-153.tsv.gz	39dd06c27c5b5eaa9371dbf7d5f4667be09f747966f63e17049897e5dd6eb88a
I	decoding/patterns-154.tsv.gz	93044ad51042b41b3c84347703005d93e1205e3bd9d5b3a34dc518c26508c0bd
I	decoding/patterns-155.tsv.gz	90bb60f6058d82d24ea20dd6bdf474947dc52e1d9fba83b9ddd6362030eccbfa
I	decoding/patterns-156.tsv.gz	3d74b548cbb81b05cee16ebaa3d35cb6f2a5c4c6f7647770911d3a8b456dd421
I	decoding/patterns-157.tsv.gz	8158f3e5df720a1bf22001ffd6585fa0d2b4e4d39f646d7570f2c8dd0ffc3fb9
I	decoding/patterns-158.tsv.gz	97cd4cc5a45610b2cefb3d4224eb509bfc63aa51bcd463a9a7dd3384a9f0f9f0
I	decoding/patterns-159.tsv.gz	37dbbe846878325105caa852c0ddfc145207dbd288b57e949f68c1f01cb55a04
I	decoding/patterns-160.tsv.gz	a2b2e3c5b6611c37b99feedc88aec3c3ab649b48342a47164d2dc3f7daa4ea78
I	decoding/patterns-161.tsv.gz	910c3523c5309bc03a43809bac2400aef6a7970f30f8a3d2bb76e9b73cdebc93
I	decoding/patterns-162.tsv.gz	dbcd05b1dc78bfc0993e831bc517bf7c2650c725356dc0ce11368f8d0dd8ecf0
I	decoding/patterns-163.tsv.gz	bbfda491a920062369cf3a56fabf547ce8f503f3890ca4ebb1189651bd124a75
I	decoding/patterns-164.tsv.gz	2b2ab296dcbd98779782bc2bb478603c4ac12cd069c1adf55bdc325d79f4fa9c
I	decoding/patterns-165.tsv.gz	b2b1a807a4bfb604269e4097a33ecb820945ba59b0bcd5c8a2c9ea7a87eab570
I	decoding/patterns-166.tsv.gz	5b2aba1b349e3f5258fb2b4cd5a750642d23d827a492f117324e0b9a3dba13e7
I	decoding/patterns-167.tsv.gz	e8d09afaa841bff7269e6f24e281234d0838fa775cc0b9bd5625cce561621222
I	decoding/patterns-168.tsv.gz	d6507e36f1a85a974d535abe045e8ea619071f053eb8fcbb61380226b79600c8
I	decoding/patterns-169.tsv.gz	de4ed4ce5e3775c99bbeb88ad13fd12ccd5af59a84e0bec6a78d4f8cdf0368d7
I	decoding/patterns-170.tsv.gz	7ee30977df58f633899167437f98db8938a66869ec587a30ca885ae7404f4fc3
I	decoding/patterns-171.tsv.gz	e35eaeba905d452e60abc679233a7424ce64111ef51c252666d648b7c304d2a5
I	decoding/patterns-172.tsv.gz	af3133f4b642fff855be167d188bfe6fd1b609e6adba8dd2c7da95555c878a7d
I	decoding/patterns-173.tsv.gz	e5b5befe204f6b070d813d3f74b3cabf19b464c8052e5d1123ba9098ed3a2b75
I	decoding/patterns-174.tsv.gz	e6bd2c233eeab902f74a5116ce7687209146b2a478b3229c1b46db2f87f68e0b
I	decoding/patterns-175.tsv.gz	7c1367cbe3fbda51589b037bc22b6b3a88a9e0b3c5d50f9ca42593c32cd430bf
I	decoding/patterns-176.tsv.gz	25db2012741678787e52e561157701f0718c522797638060efafa24fcff5ab50
I	decoding/patterns-177.tsv.gz	7a7a12504d26fcdeaa11c7df12a5d2f716a84f92318b3ea3ca0d4fe76eae3da2
I	decoding/patterns-178.tsv.gz	489e1410a18b4d9b35ba0ede2a7f6474b8d3651ff52c854b02ddd5a3c56441bb
I	decoding/patterns-179.tsv.gz	128b5f786a0d3b333012ed725a4e76368d7a0cf17e635063b917879ec33d7c61
I	decoding/patterns-180.tsv.gz	141a472fc9a0e0ac3fa994bac2c9fb059d764263f9ed47b1f63451577bc2d379
I	decoding/patterns-181.tsv.gz	dc0022d344e97d4e8ffbc0eebb1222af89c9db338e59fcd977497312a58ae1eb
I	decoding/patterns-182.tsv.gz	2bd83d8c75863a3c6d21c6359813a036c83d041d510f0e9c02cfb2fc09569a07
I	decoding/patterns-183.tsv.gz	a4518afc552df80566aecdf692684dd015eb4b656b1753347fa6e541a9f098e0
I	decoding/patterns-184.tsv.gz	3fba5d623ecc372814ce4be968a4048842476e35855a076042f295b8ef248570
I	decoding/patterns-185.tsv.gz	0ce8caebce1d4d8ebb92a77bea86c261f42c1c046cc3b8006bf2a5174633ff4e
I	decoding/patterns-186.tsv.gz	663f649fe5bb18d981ff543db0938183c5f41a3ccb6c1854feb3e02ff21e6f36
I	decoding/patterns-187.tsv.gz	6b556345d967cf7dd9ce527980ac54a8b2d54dbffc684e9bf684141cf07fd4f8
I	decoding/patterns-188.tsv.gz	e7cc690fa04b8de715022c09d930ca8608c1e858433b0ea041ccc10a2cb1ab05
I	decoding/patterns-189.tsv.gz	aded56630aaf65abc47385fa1fd6d0d33811edd57b0cb0d0d8e9a17ffc07f8c0
I	decoding/patterns-190.tsv.gz	abbf7892aa5d54cd963136cf4880df3e9837307ee2fe27e351d6289e593dbe52
I	decoding/patterns-191.tsv.gz	2c08d06b2fc4ab3c07495868eace9df0115f40a4f051b04575d672113d1e38d6
I	decoding/patterns-192.tsv.gz	8a8808a87789fdffc03c49b12cd3329fdd9a8e08341c75e6595cfa7464586fdf
I	decoding/patterns-193.tsv.gz	c57db12752b930cb367b8c62718ffbd4486f738d2ead8ff4cc28d6f673f61400
I	decoding/patterns-194.tsv.gz	f75731e39a1f5d2c3e96fd2d9bb08b7c09f49d0ac6134adcefc4636e5fe67e08
I	decoding/patterns-195.tsv.gz	883f111a63840199d32835e60e9f2b7e40e2818ac7b2aa5a85baaf94e60cf659
I	decoding/patterns-196.tsv.gz	4bac1da05c96c8e6aa4fc2890b59d6929e0e3cfac044e787c62c0fe7c57f017b
I	decoding/patterns-197.tsv.gz	ffe0b173fc68cfb3cabaf3c84a76011b8eab3251e0781b1235f4f07b27779407
I	decoding/patterns-198.tsv.gz	af2fed70fc06c8dd51de85efb14a1a10a56440017bbd0cf3582ce226384c1c1c
I	decoding/patterns-199.tsv.gz	8de7b2360368603c2fba1d51ab6b03c06ed62333dc90624606bec7989f1ac99e
I	decoding/patterns-200.tsv.gz	77df8fac06e0ef33e2ee4624be7737ee3eb8d32a2bdc483d8657d74339577473
I	decoding/patterns-201.tsv.gz	26fad805bc6ffa9c206f115be51ffba6a9ff0f5583bade1e66c08ae99a901b66
I	decoding/patterns-202.tsv.gz	66d7115421c75c8b1809639ec4fc77f6a300821781a1c2a3b01f4e1eb3d367a7
I	decoding/patterns-203.tsv.gz	fd7e468df087c91f09d9441db11f3737e9761d6870362c51676ce0e7fffbbc50
I	decoding/patterns-204.tsv.gz	cbed51c2dab734bcee82b37e39108626cc16798ca9def750a9a169ffce4cd5bd
I	decoding/patterns-205.tsv.gz	cbb5b647ff4ed2538c005ed483e57d6b55a5a79c94521ff72bfaa0c35bd2828d
I	decoding/patterns-206.tsv.gz	19ca269a89acd946fbeb9456990d064c30cc3e9a84bf88b0a669df1726b7317d
I	decoding/patterns-207.tsv.gz	05515a80d20a4207954f924497bca3254f59b6627bd825c384476f8375983ea3
I	decoding/patterns-208.tsv.gz	25de3f0444943579c7c91b2df2eba7dac7b4f6b5a642d6d4aa8e34210e236dbd
I	decoding/patterns-209.tsv.gz	6b71e3be94778c4660e582f457d0cad1b74be387cb7a834d5b03433fc71da7e1
I	decoding/patterns-210.tsv.gz	3c771f0563d277048829e7d59dc0c1c8f27a42555835befcce912349691dacb0
I	decoding/patterns-211.tsv.gz	4336f401763d14fa07f234c7a745e30223d61c15211a78398da5ef21084891e3
I	decoding/patterns-212.tsv.gz	a6376ed7108c077c7a58e27c54f73cca54c612801d6f83f56102cb79ebba7cd5
I	decoding/patterns-213.tsv.gz	ff54081b576e98709287431a5ab73f4f9c62e54a4e9cf424c895b73f9d2682a2
I	decoding/patterns-214.tsv.gz	b2366422a5b198c02ab21142e2a421992947c8ec8eb3ec42aec0e8dcec8bdbaf
I	decoding/patterns-215.tsv.gz	3b097b68495f63b19b9e7a75da5c0433725cf1e4ab018f43f03fb9a8f63398e8
I	decoding/patterns-216.tsv.gz	262eb46f56c6117f0e801ced8eb6c397f0fc6bf8d051780790ff7982995944eb
I	decoding/patterns-217.tsv.gz	39104574777ccac61add4d5029b119f9ba11937b9d2e507c0ba9f5d49178502e
I	decoding/patterns-218.tsv.gz	efd89b589cbec3e0a0ecab1ea5c7504b91b3e9075e5b2cb397ea4b05b81f96ef
I	decoding/patterns-219.tsv.gz	45ee1d4ab91007713d69153cbe76ceb49dc4751be914ff71f40f3f9ca0bdecc7
I	decoding/patterns-220.tsv.gz	6304727685ede039c9007a84357cbffba292f682f74f82b66ccfc8b67f374b9d
I	decoding/patterns-221.tsv.gz	6079cd8a26119ea1751e8a6ca897610a11bd7a4121c8aab83e654079d7e0877a
I	decoding/patterns-222.tsv.gz	6ebfdc95639eeaf7095b4ce667f2d8233b4afbac41803c100b02f0ffeff4e62f
I	decoding/patterns-223.tsv.gz	0405b2f087aa6cee64994366bb81454b2607bb6d4718592df0fc336173dbdc49
I	decoding/patterns-224.tsv.gz	9e0af68bf022164a47e37249a4f24f22c2c88fb64b6e8abc4423a30126f55543
I	decoding/patterns-225.tsv.gz	a9e575e9b35237c74101942427f1c33a2dea994b0092b30ba1abd4a74cd6b6ba
I	decoding/patterns-226.tsv.gz	f20dc7897d2b417f9b637af4ac26d780d56efdc873f569efca725c9790d057f7
I	decoding/patterns-227.tsv.gz	60aae0357d208a52534ff7347dd3eed74088a798eebe16a9f4ee85bc3eee03da
I	decoding/patterns-228.tsv.gz	e9bbe110678fbe8fc7e918bc9559cf6881f77846ebac84afdf5864c4f7568293
I	decoding/patterns-229.tsv.gz	7b8346fcb4d8529d02e42feb1cb5be019ce18c2abce90cd18a07ea3b9674dbcb
I	decoding/patterns-230.tsv.gz	e01f80566ea7e5adfc88c4c23435b37c7b85ebf81ae7da6e5f118d2090715a05
I	decoding/patterns-231.tsv.gz	bde7d4d6d3d550ea7a59697afa5668a85848ecd6885cb340d523493bdddd3780
I	decoding/patterns-232.tsv.gz	1ed04d7bb5a09da2cabe688dc93eab7e8ce3742fd523dd0557266c0c8b4dd261
I	decoding/patterns-233.tsv.gz	1f14784adfe0f578c491895ff78bab78639f23b1265a665fbe42d7d7a6b95df7
I	decoding/patterns-234.tsv.gz	6ebf113318cdc97d7dddb654fcf3bd66273685166fd1d94714cd2109c571b0ce
I	decoding/patterns-235.tsv.gz	b91e455c27e02bab2419df9cf8807e491347ec70313e336a4e0e7d39e08f1e64
I	decoding/patterns-236.tsv.gz	70c4e2f33f5e0c72a9890764bf7051635b31c2aa37993e2616d40290d1d51552
I	decoding/patterns-237.tsv.gz	05aec681247cde3fcc16e4d7bc207008995fb67dae1b871b215cee3f4c5f994b
I	decoding/patterns-238.tsv.gz	5d1484d4b7f1072cf02d9257e9b597d055771364c64733fb341ad9c9bbc46948
I	decoding/patterns-239.tsv.gz	dbede47dc77a950f38ad8fee62fda0b87b4b9192029242e4f00db5cead02d4e9
I	decoding/patterns-240.tsv.gz	835db4f88c894ae35729ebc2de2b7fe09ce14ab00b0902708a4551c23d31098d
I	decoding/patterns-241.tsv.gz	59c7d68fc23cb04b78ecc90fe0a716e6368f6cb9e91500226a28f297186960ef
I	decoding/patterns-242.tsv.gz	a3d4c3baac570f86055b87e5165f8c9abe02a2c7b6907ef05ac9c5a4b58f770f
I	decoding/patterns-243.tsv.gz	d4cc06daf3faee27d697f0b2ec9c9c59fafca35088bc5f668b5d4d4296c4314f
I	decoding/patterns-244.tsv.gz	0bf7844d373fd691c1d6348e23b859212e3cc56bbf68609a24d69548816330eb
I	decoding/patterns-245.tsv.gz	0312cb715987a6bcf01dc839262f084db16c3b23db1c289aaf3c2f96f73df695
I	decoding/patterns-246.tsv.gz	782f7c5dcf6663f45acdfab83c0e129f560ccf0fbdaa32b4de10605ffce96ca5
I	decoding/patterns-247.tsv.gz	5df1fc51b31a758e53079a57bb56dbf63caccb8854a8ad7874c850ce7f938c36
I	decoding/patterns-248.tsv.gz	0a8e65873b9c389935b1901abbc9e62fffed29bc1e6056851bd435550bcd4c8a
I	decoding/patterns-249.tsv.gz	e92f0f817a9e8a9164dca080c4f4bc4d8fec5dc434548adf9376011c7c1d9ce4
I	decoding/patterns-250.tsv.gz	859f3ff4fa64d848f039286631e0260aeee1b58e8536072e1d97b189e4e9cc29
I	decoding/patterns-251.tsv.gz	737ab3d9b75f86509593ea4bcb22eb4aabade036ff6de4d6f7e91152603088b4
I	decoding/patterns-252.tsv.gz	9f6fa0dec6952ff1e9247b1d556e745e5d349ee84cb7f461453bae1d03ec8755
I	decoding/patterns-253.tsv.gz	587171e9c54758ccc2b85b2660a75b74c0b243e005ee12d3a3e8d9641eb4829a
I	decoding/patterns-254.tsv.gz	72c54417b8d4e3ee57e8adf4488fbbb2386c13533357f2749eefb70303ae32b0
I	decoding/patterns-255.tsv.gz	33c068b7f18beec26a003ee883bc2a3b3b00464ce607c51d22126faba14b9b97
I	europe/tesla-model-y.json	af9a0925cbf51aad16ede392a9fa8c552a6761d69038cd03f147432b6a0141a2
I	europe/vw-golf-1k-2005.json	da981e7225726ec484c543bfbf9a29a48dfd3d8d979b884408ccd843467e9b80
I	identity/index.tsv	664b8c87ca462c3c56dca4ddbbc90d7c9802b55f0600bf66db2028cb2c327132
I	identity/metadata.json	4574b56ad3e966114330507fd1def82a67ed11026e0c44b26d63ae2105414859
I	kba-wmi/metadata.json	0f7e3d074ac71c71caf07e723fbe620dd61937e819dfba303551547e3be72fad
I	kba-wmi/rows.json.gz	2668ccd7fefabc3deb26816ce7904b1c18fd2f3c8c3b731a805a5762447644b8
I	kba/metadata.json	f776dd2eb69a2ec7f1a8097333bef2c673838c5f37a897b2c8201e3e057245cc
I	kba/types.tsv	3a17dccb5599723ba174ae1bbeedcdb8fb7a386887b5de61f0acfa50039257c4
I	policy/decoder.json	24a77afd2467510eb7b60cd92b97b2cd6b46938ceacf9be590218753961a29a2
I	policy/identity.json	3ed901d11c620c2e0157a64554c456cade9000a37815dc091e839bea9d15348e
I	rules.schema.json	47b9aca8ac8906bbc0d714f65deec6a758f49a35073d7248a76a18fe05523525
F	CC0-1.0.txt	a2010f343487d3f7618affe54f789f5487602331c0a8d03f49e9a7c547cf0499
F	CODE-LICENSE	074e6e32c86a4c0ef8b3ed25b721ca23aca83df277cd88106ef7177c354615ff
F	CODE-NOTICE	df08d70b6592a64d90df127f98a0e512f8f86e6a0c9cc69944390bf2694b31e4
F	LICENSE.md	f4a2909487a184ec28b0b0e608e94cb1188877d49353bd7c1603ee26cdf5e35c
F	astra-metadata.tsv	a5161e3976b12370280cc916c3a083eeecf701ce8928a571bab1a7e63a36dc34
F	astra/index.tsv	190c14b7a611aed3e2243013ca6522cb852804c319bbb01f5c767358d7bbc5ee
F	astra/metadata.json	594c65cefb4f25a652889f9d5d64fa07e2f9db09895349bd45ffc11362f4be73
F	astra/patterns/1A4.tsv.gz	d1b827bdc0c99976a54bffa2b86ec465c02cc89a4c37d8e71cbbf4eaeee973fb
F	astra/patterns/1A8.tsv.gz	3cced0ebc02a892052cdb8862cfaf48816635603d01f00d550964ed68bbb74fe
F	astra/patterns/1B3.tsv.gz	78f3d2fb574193947f3790b325aa48dca34b3827915edb0bb0797c61587f1d5c
F	astra/patterns/1C3.tsv.gz	1f416bc572aea8c320f32c9a682daef3e13499d4f3ca4708663a0e7877704a0c
F	astra/patterns/1C4.tsv.gz	28a9f635fde22592c99f9a3fc325e153a2cd5e224e86d576fbf8b8a787427bcb
F	astra/patterns/1C8.tsv.gz	88726a91cda4e5256faae0d83213a2f844410cb25425759d713e17c0f7b9b7ec
F	astra/patterns/1D3.tsv.gz	b197c746f8df303e6f4b67c8dbfe4e6a8c2cff8afcfe630329a23598b1ad9efd
F	astra/patterns/1D4.tsv.gz	1b6bab41793000641c7ff39d10fb1a8320a82080f59ce800ac626ab1c0c0c815
F	astra/patterns/1D8.tsv.gz	1b6bab41793000641c7ff39d10fb1a8320a82080f59ce800ac626ab1c0c0c815
F	astra/patterns/1FA.tsv.gz	88b983be80db5043d7926891bfed20989f5e7530a30ad73b2e09ce5923017df1
F	astra/patterns/1FD.tsv.gz	5208abe7650ac932f9ecd7f9310efebf6d193b9e7bb1dfe317dba915a5403ce4
F	astra/patterns/1FM.tsv.gz	e7f3428f82f3752449f08aa1c162707587e18c86a8e9ca1ed5d20992e72556cc
F	astra/patterns/1G0.tsv.gz	650eda4969ee6fdf9f10760880c868dc6a5c45dcdf18ce0ca3b54517d0399aed
F	astra/patterns/1G1.tsv.gz	5889883628a19f41962aec544a7d0e731266d69f5d6d3380decd683cc2d04e79
F	astra/patterns/1G6.tsv.gz	c175eedf7653975f4d1c98715d1bbeeaaa50f9764a3e0ece9b8435486184dae2
F	astra/patterns/1GB.tsv.gz	3aa688d12f53ef9d18b3aa2578bfcfcfeed63c20b29850cca5e99bc793c2f837
F	astra/patterns/1GN.tsv.gz	4fc5928e6f2898caec8b70e5f6514ce4feed5808bd63c2a15a38ed4f425d7085
F	astra/patterns/1GY.tsv.gz	93c764ed12c40ab5d9b1f0693de620336995a4ee2bf060f500bf1d0cbd423007
F	astra/patterns/1HG.tsv.gz	97cbe523589de47013e572ea11fdb5d4276d66657837c43db4b1ca71c3956332
F	astra/patterns/1J4.tsv.gz	3c8d5d276256d6efa38295bc760e8e3923eb0934228f9c99f85a0af0a5298f7e
F	astra/patterns/1J8.tsv.gz	daf82d9d9bdb636bc5e25299cccd3fca3b0788c4729c2e19d126647a2ab6dee3
F	astra/patterns/2A4.tsv.gz	2608eadeb752cd0a65308b2fe4f3c1924ee74aa6b034966fed7d3579f092112c
F	astra/patterns/2C3.tsv.gz	c7e2e4db581da3a36566a92be1ca12fab83fe7d1f4c9e79ebcc69b859c0a6953
F	astra/patterns/2C4.tsv.gz	ceb8686a4b29d0c8dff1618d5c3f02f55b474a591f479e6fe2301b74c1505996
F	astra/patterns/2FA.tsv.gz	83b9c25dad7fa6a54154c9db57b6a2ab508d443b329fb3f8bbef65b2385e57a5
F	astra/patterns/2FM.tsv.gz	373b21dd1d60e835094fea8132bbafbb7e6b2b62422041bb16b7f6721227ea4e
F	astra/patterns/2G1.tsv.gz	4df3e9de2fa8bd435c4829f429f82ada07d40a9dbfb903f319d27da4c8653855
F	astra/patterns/2S2.tsv.gz	b6a1aa9b5ebc23e918f06e1f3027acea76007b9c68d340d0486ed18821115c0a
F	astra/patterns/3C3.tsv.gz	cb8043884979cb9abc873d365916aa29f881cce2356e0d4b42ee4628d4c7aab8
F	astra/patterns/3C4.tsv.gz	4473213353e010caf3f88a07b9ff929071dfc56a09cf067970badfcbee8d5b0a
F	astra/patterns/3D4.tsv.gz	c4adf647ac3a06ad43b8322abe0d7fe2342a31047d277c4e2ca4580f02177e16
F	astra/patterns/3E4.tsv.gz	831404d7a1fd144ebfc39ebabe924af3e93e84e3af13db1a7bb1aafd2646e9e9
F	astra/patterns/3GY.tsv.gz	0ff5d9d4ba34eab1fc0b2dd7e3d558364c68f391ff9329088b99ce1e901cfa35
F	astra/patterns/3HG.tsv.gz	ebd3dba2b806b0774b26483af5145eb35021e58236ac211c002bbb64bc774db9
F	astra/patterns/3KP.tsv.gz	853dccfa53e20de9712b5e8923a083534084cf009d1ef8120cdc2c20df726d3f
F	astra/patterns/3MD.tsv.gz	a00e532ebe5f950515ef0ac44a4e7d93905129793543bd2c507046a07c4b9c05
F	astra/patterns/3MZ.tsv.gz	eaa5d8416336f185ed7146079af2c5c08aa62353a8c685aa117c91e10584b421
F	astra/patterns/3N1.tsv.gz	41f05daefee8c32d826634c15d9d9cdaf70f9ac187fc05d012f80a8da7e30526
F	astra/patterns/4GD.tsv.gz	00bfa36c2cee3a2e3f883fe1b1b76ef56e4e9aa0696becd5dc67bdade714f326
F	astra/patterns/4JG.tsv.gz	a2765153964b69ab56b480c1903333f265fe66dc742b785b207531f492f001fa
F	astra/patterns/4MB.tsv.gz	2bb0734f0d80a00a0842e5f6ad64f6e5f625befa37d4207f1e38d974ae46f4fb
F	astra/patterns/4S4.tsv.gz	227e1187d7bb06d955942ed0bdd1779bb3a8d3c85b159864e2714e17051fd58b
F	astra/patterns/50E.tsv.gz	ffad4ff551ab1db2c1128d53381e623c3818e65e7cc268465b0cba19d54d457d
F	astra/patterns/5B4.tsv.gz	13e56469e9a244fe8843579474cd806d27d36163e58704d85e38fbc519bd1942
F	astra/patterns/5GR.tsv.gz	a64c30ec89eca9a3aa784a517046bc10038c67e2d27d1c7854dd5cd41dc2fd7d
F	astra/patterns/5GT.tsv.gz	983d01a5bda34a3aff7aecfbb01b28f3c95da3624cc4d221f63da7afd9426858
F	astra/patterns/5TD.tsv.gz	ff19cbd5683be28385ce2557af3dd018c2f745052a3aacbcf5658c870a3afcec
F	astra/patterns/5YJ.tsv.gz	29fd4782e26e95f246f8dc969f1f9553adb30027447f338775907b1d881cc62e
F	astra/patterns/7JR.tsv.gz	eacaaa5e948ef617c074e4e23fa4160c78b8aa278521d808a53ffcb4dc79e4c8
F	astra/patterns/7SA.tsv.gz	97aa80ab78143d25c07700e224bc1d77d99a4531fb1d13defc3ef937cbd25481
F	astra/patterns/7VP.tsv.gz	afdfdaebc51551d57a51226fefdf40dadb8dee3a7be080ebb20084716f2d4422
F	astra/patterns/ADM.tsv.gz	38f831f8d54bbd81d4c472d786fb60cfa2e1f93c5eaa08fbc9e6e4c200bfd5d1
F	astra/patterns/HES.tsv.gz	9c09604a4f835ca9026290f8294c0a9bd3b31b0bdf4452fd06a3870c27d93dcd
F	astra/patterns/HSC.tsv.gz	934bd7b5791ad4797b4df30796068afdc5bd9e04a6cf4d3be807f018ab677912
F	astra/patterns/JAC.tsv.gz	4e0bc23dd35f5a3b6c860718b0755e308eb627fa5a314a72c7150475d4b5d344
F	astra/patterns/JDA.tsv.gz	15c208fd3e9fa5043eb6da36d436f8872536964e962b2357f75005f30a9a299a
F	astra/patterns/JF1.tsv.gz	a541f5750696be9db956f3234bb520e2fdf2359e01c3529fcf18dd7464fcfc16
F	astra/patterns/JHL.tsv.gz	c71465aa864b22e66766a2513cfab7846178c1dcb3a53cc5e6caff21d9e13fa6
F	astra/patterns/JHM.tsv.gz	96e39a8a9f1ffd49ce3aef162c39c5d00f1bce802f92437e3542c0e0e53b197f
F	astra/patterns/JM4.tsv.gz	4ed390ea44ddd80cd90d241335697659dee29a2a8b182bd67691bc307fe59363
F	astra/patterns/JMB.tsv.gz	e367ef90d815aa40fc2bf700b55f8bdecfab1b9215f471ac1055833af7f529bc
F	astra/patterns/JMY.tsv.gz	e685c34b7023688c79e8236ebc82c397e4e942c80f88b10ca9f2016311576069
F	astra/patterns/JMZ.tsv.gz	e3426a7ffd3fdac1d7693663ee0ff07cadb0afe9487aec863c9f26ae10f9b591
F	astra/patterns/JN1.tsv.gz	e9847308421074606ac3dd590f664b655ed62b1ce18ca88e9bb851889008f7f0
F	astra/patterns/JS3.tsv.gz	47be1fee4c9408e3000ca61f70542f9b1720090dee4db8a2ab8367b8e5fe32c3
F	astra/patterns/JSA.tsv.gz	ffdd5d711ecbfcd88a8604e3785764da16b5c079f3ced2c07d64fcbdc216db43
F	astra/patterns/JST.tsv.gz	5eeba0126b2c76353bca04ca924bcc3d1dd76c36d96717f57d8f430435413343
F	astra/patterns/JT1.tsv.gz	640f80d401f0ecd50d62ccc792c5060b7d64c51f5f7f32e274edd23abd1c899a
F	astra/patterns/JT2.tsv.gz	161ec75a530d0a78e22d1e92f7d90bc084a63f6d11b87440c3cf75bf86d0ac6f
F	astra/patterns/JTD.tsv.gz	48f1c68e8880abc12a19819d3a1f3a10ef05f55933d47a039c5159f164e0e58d
F	astra/patterns/JTE.tsv.gz	eafbcf3a46fd9717bfb1a76186221adb02c3861a2859284e580ac0a6f16312b1
F	astra/patterns/JTH.tsv.gz	11acd7645c5a9cf02cac578375d107b70b79b7bbe43d6ebd702448c64ea11c8a
F	astra/patterns/JTJ.tsv.gz	3f8464633b8b4c80f630484ad727bd4c218c12982d4c59320ad4f727a2159708
F	astra/patterns/JTK.tsv.gz	71da4907498233ee73ce333ea1bc52de227a47cad17c9c1beec1e68c079fa863
F	astra/patterns/JTM.tsv.gz	c7d8ff1e55154536160789a107d87911abae3b688596db1653d27316a13e4928
F	astra/patterns/JTN.tsv.gz	a4a3bc77a174c154fca8850e12eee4af9515ffdba0e99385a59c2fcd8957c26b
F	astra/patterns/JTP.tsv.gz	bbe580873f5ca11cb705d889ca744c6c356f9f29d22694e92f1f40f737c8baae
F	astra/patterns/KL1.tsv.gz	0d4a1733ac6a0d8b65b1483db23504e661e37eb3563489e3c335032d6df5d065
F	astra/patterns/KLA.tsv.gz	ba2a79ed00d5233f75559a4fba3a359ab322ca87db0cc107ed216eb9faa4ed4b
F	astra/patterns/KMH.tsv.gz	fec9c31c66e6e009fa33de2ea49b0d61bff1934bb2372a7297eb9e5fc653c628
F	astra/patterns/KMJ.tsv.gz	6498b050923083b10c60622b207a37b764826175cd7b62ebdbce0c6ec6cee80f
F	astra/patterns/KMT.tsv.gz	3fda4387d1882ecddec11c3629c88d453a749eed72f586c0063bd0e08bfc94be
F	astra/patterns/KMX.tsv.gz	f6c224441b806dfda23e20a1a59c5d6063a12dbe2f20495718cc0a759a91876b
F	astra/patterns/KNA.tsv.gz	1297f684e1c849bc8762337f69ad06212b71c3cb0b5d608c79203af9ab94d7f7
F	astra/patterns/KNE.tsv.gz	ea9f7a4fc3c98be8d46157e8c094402e6d7233a73c2142c770d986728a6d61e4
F	astra/patterns/KPT.tsv.gz	78c113ab3bb759912ed1eca7ba21313fa152ebfc7c19fbc6825ca490ebab05dc
F	astra/patterns/L1N.tsv.gz	3799194a5b455c5e8c5e6b40b4685e4f754343b684a32dc9da6bf8022560150b
F	astra/patterns/L6T.tsv.gz	d85d9b65bf5ce992744883a328b634a66b379296d50e16baae0d8ec8ad1107a2
F	astra/patterns/LC0.tsv.gz	22a4a4ee05bcd4c3b611c8ed03a83d3ab93b45191914953835ae0f2d6a06bedc
F	astra/patterns/LDP.tsv.gz	8bb1cfe82ba4e90a745666a52b0770019e4ec1a1718f75b9305aaed16e66e042
F	astra/patterns/LGK.tsv.gz	8624e7cfb79d02c87e459ae62e753777bba63ff70c7c525cbc507d06d4da6b2c
F	astra/patterns/LGX.tsv.gz	32393b46dd82d7df4e9a28fa7e4d86c24a54ba621ea4f9d9f625abba3345b9b4
F	astra/patterns/LHG.tsv.gz	4504aa296e3ec1d236ccd5ac2651a9f366f106289e219bce376407d018cbe328
F	astra/patterns/LJ1.tsv.gz	128968df696cbf11653025a6b5079102593f2282091e3a78ebb928ddbc518ce2
F	astra/patterns/LJU.tsv.gz	0a0b4876bef75171787872d66d30d9159171359745c5bb7c1a401277b291bec3
F	astra/patterns/LM8.tsv.gz	1ad782e8e56e6f884b5be30fe06f8f61be2e7515c0a1dcd6a593424787f5ea89
F	astra/patterns/LME.tsv.gz	117f43587131f8071b1d83ad7469403d88eb42e95d747338626350fa924728a9
F	astra/patterns/LNB.tsv.gz	1cc0432ef417aa533488bc4630fd462ee46ade8f007620468368e9cda3d3d1b2
F	astra/patterns/LPS.tsv.gz	e392971c28d31e9b83b872f781d4273fbb8e19fa6856f7d8df5398ec4aca95ed
F	astra/patterns/LRW.tsv.gz	e36ddba42759253994f1526cc4dc8552fae912d31e5f9005d9ddd6a9c57bc0d1
F	astra/patterns/LSJ.tsv.gz	75cb7b643558a93b457de7e6c6b63593f00391c716c5f31c3bc3737ad2050840
F	astra/patterns/LSK.tsv.gz	73b05196d3ce2faa945c903b0d255155d57c71cd15a5a3bbf5d906c59ad9f74d
F	astra/patterns/LUC.tsv.gz	777fa9f593d7fb3a506dee04b26ff0ae9b0866f3b15f82759274450b4e65b3aa
F	astra/patterns/LVH.tsv.gz	8c07066a38cd4515c4e875be988d05e5dfd4bbdf4183da0ecb21f3949e9ee994
F	astra/patterns/LVP.tsv.gz	b36d58380cc6228edd1c3709ab5b0847cbef45fe07527826f3babb4bc5f6d227
F	astra/patterns/LVX.tsv.gz	e923d1522b4ca447af2db151f29d5c8e5c22de0d6f5a3097bace6200f7ba2037
F	astra/patterns/LVY.tsv.gz	670ed29eb3396c83a4a41ac0f6eba7e368117ec834d3b907acc7bb8d9ebccc9f
F	astra/patterns/LYV.tsv.gz	630fa2e93b098146dabc01e5563b57f224f21db92a8b14a6365216b93a081c58
F	astra/patterns/MA3.tsv.gz	658f685dfc1e7de2cea6e8ced7150df387d329b5157e5bab76e4189f62ad922d
F	astra/patterns/MAA.tsv.gz	5d6c5aa2a2fc6d76b847ef19ba883e7d79e7c877ade5dfff741186cdfab5fd1f
F	astra/patterns/MAJ.tsv.gz	d3de86b99c91fdb2d9aa58365c3d090759608e0b0e45a00527c138affa260ea5
F	astra/patterns/MAL.tsv.gz	4bc76c66f6f25bf10f7a9e6a7908a96bbda8a40e32a96c268e7e724174a5e96f
F	astra/patterns/MAT.tsv.gz	8f7e2ae1930d381d58612677ec8a88280e2113844ed7a393e0914baf535e37fb
F	astra/patterns/MBH.tsv.gz	011035589f6285d00814d01f93a25b8b7168a1994797e5de447b141fe8050702
F	astra/patterns/MDH.tsv.gz	cbd7a54142d820a9fe2952674582fb836e7bea755bd50037448dbd727297c55c
F	astra/patterns/MMC.tsv.gz	bd78f8c324b17c9062b8def9e485a8f95000d4ae50c5cffcd5d8315c6b8b3430
F	astra/patterns/MMS.tsv.gz	21436ac75cc2b7a3dd22f0c9d91e3ae3a02e738929ddac3887b52b28e163d081
F	astra/patterns/NLA.tsv.gz	adfa1ffc8c50c9fd4bcc55b0a93de1a4e0e92ef881f77c490753d3df7aefbb99
F	astra/patterns/NLH.tsv.gz	2dc6bbdcf1ffa658788159ba2fbc7b690da46262720a8629a315d4e132a076e2
F	astra/patterns/NLJ.tsv.gz	8f12adef483d86bf0b93212023ac0d2bb8d5ff1bc97244ab8045ea42188d2ce9
F	astra/patterns/NMT.tsv.gz	ff847b79aea2e28d9df4212d366c523eb73a67be8aa97cf7bc6bf751323b9e36
F	astra/patterns/SA9.tsv.gz	ccfe15b150c85bc15e7e1c116395a1a5ac52e6fd9ec13a0a197988e02ce8897b
F	astra/patterns/SAD.tsv.gz	cc1a13bc9d26396815d9d73179a8c42d84032d9fe22576c58bfe641965de09a4
F	astra/patterns/SAJ.tsv.gz	c7b8f0cdebab9912dd9ba5fb0556752f1817eebfca4a1d4252ea9f0d14540d58
F	astra/patterns/SAL.tsv.gz	9cdc68b39ef294493f8209f50b5da03bb225bd20ff53934f1cfa4bdffe76f183
F	astra/patterns/SAR.tsv.gz	6d9e4be93445c48fe785804bc59520c47ed31c7ce9ac9849eaee4dc78db43024
F	astra/patterns/SAX.tsv.gz	205a6b1eb304d230623f2f1d7cd590c2b676d3ec52075a59dff476c43d29d741
F	astra/patterns/SB1.tsv.gz	6a71d0bf7d58e7bc963fd7cda8c432175c93f866f8df740da0445f7ca132056a
F	astra/patterns/SBM.tsv.gz	8995fc5aafb3144ccc567362e4c374a61d29a8d5ecf4f134e7cb32288320de0e
F	astra/patterns/SC6.tsv.gz	917136676e75d7224d328621d41b525beb5602e4735e4c0df1baf7131018b2c1
F	astra/patterns/SCA.tsv.gz	d59edc8c3500a4600b328e9ff770533892488a29384b203e83249dbf97d9da55
F	astra/patterns/SCB.tsv.gz	6fce5f03a30c114ecb43f2d77af0dccf3be0fa19825cbdbc2ab063762cfdad1b
F	astra/patterns/SCC.tsv.gz	ce55e29c981ad5af850d1a8e853e9e6210c9fcce1f96c1eef0a9505a3fc93cee
F	astra/patterns/SCF.tsv.gz	e0677737be160c58976e61ae88ce2d3c43177444fdee0dd2a5b8d0b734a50aaa
F	astra/patterns/SCR.tsv.gz	7a714bab80c22b62c9216f33ce6042f4abe15ae5e1509a6c359550075e9af123
F	astra/patterns/SD7.tsv.gz	e937b4b4a087acec942adff7f79ac5c07f3f1d54ec440541a8cba24a22c55b34
F	astra/patterns/SDK.tsv.gz	cca70fdc3dcefbd4d833d00ff4f1b1bf178b79038e8ad00e4b1e0caff13f2e86
F	astra/patterns/SDL.tsv.gz	16f32cecb4273100ef01d69f52cb7f3a0c6db7b7c23dffdf2fc9764cff0b26b1
F	astra/patterns/SED.tsv.gz	24535db5713938b83efe83b8734527275c4b8abf063da18fcfb6780f9467a60a
F	astra/patterns/SFB.tsv.gz	aaa2011ed1e1ce38195cd5c9e317bf61f5e45ccc11a2acbcf43d3a78ed8f9769
F	astra/patterns/SHH.tsv.gz	3a044f545f5f5294c35096c18ed2e22003c2afca68826e85bf55c7a530926440
F	astra/patterns/SHS.tsv.gz	417a5508baedb222967f4956662c8098d4c681bca073b1a59e92ca3f674f7216
F	astra/patterns/SJA.tsv.gz	a2ffba9c2722ef9bb660d9ab85d50fef67db3a6f41ddf2b2cd81b6a9cd08b276
F	astra/patterns/SJK.tsv.gz	9b18f55a936ab68e04e40523574afb761e85b1242ce2825ef7d873bdfe665a5b
F	astra/patterns/SJN.tsv.gz	56e58a0395aa81abc824d53129f9abd1b35fd2377be3185ea65907a19c3dcae1
F	astra/patterns/TAM.tsv.gz	90be09bc30c99700bed307dcaa33c79c45229dfbbb9c9dff7fcfd024293cbbf6
F	astra/patterns/TC9.tsv.gz	c3830fc21c091adb44961d9a004b471fe02a85b57bc0e56a4c238fbe2f78110f
F	astra/patterns/TCC.tsv.gz	1042b226a7305035ee8c5cabc13ccbadf5e292a2ac1ad99fb68dbefd2f7314c6
F	astra/patterns/TD9.tsv.gz	c0b21919c338ab05f6968175301052825dd5a3eba7fbe4150e3437ac02df99b7
F	astra/patterns/TMA.tsv.gz	774d4ca734298f313f55dd870d5a90b1b7282e66636ed35203eb3b7a0ac81aa0
F	astra/patterns/TMB.tsv.gz	13055ff04fd6485e473610b8fa063777088236d88062750c85e0b66b756a1c7b
F	astra/patterns/TRU.tsv.gz	a5d5f6172c1869295bf615fad9e39515c02d878788fc2854cef02a8b9d3f7b6f
F	astra/patterns/TSM.tsv.gz	e40d1a219ce729f854e02603518cafa1493e7c730b196a2382304448dee541cd
F	astra/patterns/TTE.tsv.gz	7b7bd0d46454d051d86a9f04aebe2de5cb11b2f980c42ea03287d033a12c3513
F	astra/patterns/U5Y.tsv.gz	089132707c455b3344d160f018e07d9d2e9748eb258a2c3a904cc80010576324
F	astra/patterns/U6Y.tsv.gz	c8991dea28afe8286fc39bfa291147a0f02cb6d1add7893c06c30ad40203263b
F	astra/patterns/UA2.tsv.gz	b46c798c5e9e457455cf4ea6f065a53bba65b13027112813cbf09ac3bc49c656
F	astra/patterns/UH4.tsv.gz	2ac53692e9fea756b9e465b9090160ee7021c0fd4fd41628f7fe487254979463
F	astra/patterns/UU1.tsv.gz	bba5bb6273efbd09f1c654f4c431dafe22a8e2108c62e20e8fedcfa40c0fb69a
F	astra/patterns/V39.tsv.gz	aee2c6dab19f9ab78149523fcd0f3ee81bd0fbb8f3aa8642b2e1eb4a369b9d82
F	astra/patterns/VAG.tsv.gz	1dceedabab71423305f0a8522e9a189defcf4d8c4498ae7e39f5684099cb2a90
F	astra/patterns/VBK.tsv.gz	bc21dd16c05789f1d1c893c1447536756aadc00044a442a1ddb967d79e34f73a
F	astra/patterns/VCF.tsv.gz	c51e5ec783190d49a92f7a852cd8ff628cac41635fe0298085684c758f4d52a8
F	astra/patterns/VF1.tsv.gz	313beab4726af3462181bcd0c277a17a5dd0c0ec32365af23df3541c1759dec5
F	astra/patterns/VF3.tsv.gz	3eec32deaf9b2eb839db58631719f627c275a9fcdea7723d882910ae1df05c53
F	astra/patterns/VF6.tsv.gz	6b2a118cf0716e23899b2e7c7abc042b541e1c12fd2d2722776507a6124beb89
F	astra/patterns/VF7.tsv.gz	3e05b0f210942eff7cd1f7a9a087d7380299f40cbd021df89e73641562dc21a4
F	astra/patterns/VF8.tsv.gz	d7325078b684c4aae411c281f7d3d02f63e734731dbf967eb3e0dd4a1e1acdda
F	astra/patterns/VF9.tsv.gz	2709e8249300cfc2b6d6bf287a5dd21751db3243a85817d5a49f062e4699406f
F	astra/patterns/VFA.tsv.gz	709a72e3c0e69867abc7a62c1811eb7ce6c2bdeb9d5e9d6e383ade6b7484b87b
F	astra/patterns/VJR.tsv.gz	4af7c02fad26c492261b41fadaf746ae8f727ff7946a42885f184e6db391a7cf
F	astra/patterns/VL4.tsv.gz	d468bdb1fa2d9e06cef1bcd7585325ea68cf6f3f602c48c9efd838ea391d3960
F	astra/patterns/VLG.tsv.gz	36b0316d882bffa68069e86f183d1ba76af1d5bd169b45806659a99f4cc56dd7
F	astra/patterns/VMT.tsv.gz	1d6a37519007d7471b89871fdddd3fbf22e8cb8e21de6edcc8c9f1ca39ca76fd
F	astra/patterns/VN1.tsv.gz	61ef6a56853a2ef62ab4ac0a5873b918b32444cc2433a16c1084a4d73fba1593
F	astra/patterns/VNK.tsv.gz	e2381d911f5948855ec7bf033462771b6342551c37f678b0c1d43b1350a2def5
F	astra/patterns/VNV.tsv.gz	78d7283c82cc1f80e208dcc7a28372af8990b91d28a8c7b208a9fa807185354f
F	astra/patterns/VR1.tsv.gz	fe0acc606c712d871c3f0f6123698eb6003fd5b1a74a516805a68ebf32301641
F	astra/patterns/VR3.tsv.gz	ccb19ad203e98a1316059d46451a7360068998723f42378ffb5d4061e8397562
F	astra/patterns/VR7.tsv.gz	768ff3ec34c1cff30b75c6a096d755100490f3565ae5c3fe3b02ff8cadfe1ab3
F	astra/patterns/VSA.tsv.gz	795150664fed63cbf526d084605a7e2deca84ded12fb86fffb20ac1a8ec3dc71
F	astra/patterns/VSE.tsv.gz	ceb8a95cf0fabb64c5269a14712a71bf5215a8cdbaa6683cfe6c6ff4bbea83ce
F	astra/patterns/VSF.tsv.gz	df1bddaabb0665df679204116e2c4fc536e55c290d63169d1d672b5471f89b70
F	astra/patterns/VSK.tsv.gz	d5f8c8a85e80084c89f9365168a59e6f7d711d19786a278f6a9591278e869f5f
F	astra/patterns/VSS.tsv.gz	b6caca2503c956470afc82e0f790c3bb66d2ada58648b1f56e414b58a9aaf24a
F	astra/patterns/VXE.tsv.gz	ba9966e5d463e68e9abd505a8acaf62c936a8f5aabc7a211b6159c4b6267d078
F	astra/patterns/VXF.tsv.gz	4c0ff417157ba0b29d22de0f829a6e1ebc2f6f5743034bf307c92cfdeb521889
F	astra/patterns/VXK.tsv.gz	f5a5b44f0d2ef27d8bc34fdeaf513e6e82240aa5f4852adad3deb0a486f4f119
F	astra/patterns/VYF.tsv.gz	126b834716190abf5e638a63258f0327dd064b60430ed4baaac58d3f3e9254dc
F	astra/patterns/VYS.tsv.gz	8e2c2186803987b5c90399643be454803fe34eec8ded66dc3630311f1c9458dd
F	astra/patterns/VZ7.tsv.gz	ebee3e151e504e045c4f60c0dc3241f68eeb0d805199fe96b7a9fba3ecba6b93
F	astra/patterns/W09.tsv.gz	d8bd6b3df882d2df1ad688e72eb402bb4980cb89d192018e851f3986b56629b7
F	astra/patterns/W0L.tsv.gz	59a7f677eb37685dcc4a85f15e2fbc0449c6bc621ee5733469b26017906f6175
F	astra/patterns/W0V.tsv.gz	cc00a4a06a79c0d2907b5943008b2482be9a08a8a040e33cf2926fedcfeda7b3
F	astra/patterns/W1A.tsv.gz	a5c2c9972c35bc39edcd868027a04505ca88dc4d61ec986bc852fa613ab6af8c
F	astra/patterns/W1K.tsv.gz	40dae675ede58ea0090dd163c71acf1a47d5f22b7fff4aeaf89e2670b39c9176
F	astra/patterns/W1N.tsv.gz	d591606e4976eec4442a31d23e6e2622ef27a5c735fd502cd3cac287f73bf626
F	astra/patterns/W1V.tsv.gz	f8dd24c5dd0a60b2e519bfe33764902b2af7937f303a0d3344795d173a37bb5f
F	astra/patterns/WAP.tsv.gz	4120df8d8e5481a62b87e505f861746e4909f35042e368ea5ddaed29e1babcef
F	astra/patterns/WAU.tsv.gz	7bb255f0b02b85e38de5295baf7a46dd05a5654ef8819230c80be615d7c10d9a
F	astra/patterns/WBA.tsv.gz	416cf032e86d9664b34c4607d83d1b76e237ac88ade5191bdd84f7d468a60e59
F	astra/patterns/WBS.tsv.gz	a9eb187342041d6351ae0481a44d1b94cbbffc6ebe51a1f895fb5897eb331c30
F	astra/patterns/WBY.tsv.gz	a28843f10068c88a65c0ef19effda0fb9b08d9ad8a0bf80179cf05133d5d00cc
F	astra/patterns/WDB.tsv.gz	055521b30632415a60f9cae30b33860afb378418dc9cf931c710ed175d33529c
F	astra/patterns/WDC.tsv.gz	57b9e1ef5a68fd927d581b13c3409afbe42b6d34542a48ac7c2170a04ed37be9
F	astra/patterns/WDD.tsv.gz	d7d96a963c3fc9d2897b8cecdbf1b33b35199762c5627cbf828a8eda8fe3527e
F	astra/patterns/WDF.tsv.gz	a8d910471bf591f9a6f78e281ca92327027ccbd618df2db9fbbdd4ce60ddca38
F	astra/patterns/WF0.tsv.gz	f593d27344b8cf56c7d8498799982e5c82509cd23660d8256a1b59f3984f84dc
F	astra/patterns/WMA.tsv.gz	c32a80b737c0b7849a92fcfd1a7e92519733b615417d3f266c8cbf8ba7ae124b
F	astra/patterns/WME.tsv.gz	afa518d96bc00677855e12f58652991c2817947f8aad67b5fbc5a7e004622fe5
F	astra/patterns/WMW.tsv.gz	827779ef90fa9af4e6f0716f9168459166023110c2cdd035ff6386958b722276
F	astra/patterns/WMX.tsv.gz	09c1f18e1c2716ab076fbf34de7b71f70ee0dbb714d152b1b200bc0c237ee501
F	astra/patterns/WP0.tsv.gz	85a18d77af5f02a525133fa0faab30a0c99ad145d327644a48c184d980519e13
F	astra/patterns/WP1.tsv.gz	b7042cd9094970ae003864ef33b610aeb36e23c196cbbf9df42948bcebcf1b5b
F	astra/patterns/WUA.tsv.gz	78b07f6672afa3f6ef8dc225fb2114ff451d0c2a8cf58832f29f705b24e2473e
F	astra/patterns/WV1.tsv.gz	f4798efa51ae50e9639afeaf3940a9817564cb35b945d0edfbac93255a3d8a03
F	astra/patterns/WV2.tsv.gz	ad11c0790eaee3f5a2b9d4db46b0ba99323375ba48dafd609a53544ef46bc1db
F	astra/patterns/WV3.tsv.gz	a9cce1cc26874f54c4f94aa559171a14b063fbef2891675bd97a8400e8f1bd2a
F	astra/patterns/WVG.tsv.gz	0e3cbd796e3c6eafc08194cf1a6090cb7f470140f06aa6354018e8e36301ba1a
F	astra/patterns/WVW.tsv.gz	6392bca00fd92e98028f5e0eb6ef7c26021ad7192c42bceebe6979df228488f7
F	astra/patterns/XMC.tsv.gz	35357e3182b516424a340722f2c7759bbec2a8cb5ece5ac1dd6be421b17b9351
F	astra/patterns/XNC.tsv.gz	db28e76be622fee62010027401d0cf804cbdf4c131b5548dfe803978161ef381
F	astra/patterns/XTA.tsv.gz	110c1e31e7fb6e53a2b8993573afc1dfdd9c8ad237786262aeb5f4f1c9802c5f
F	astra/patterns/YAR.tsv.gz	c8111b0bf7caec12c9de3b2d647b8eeeff23648d498e97f112b003e7d0bdc7e9
F	astra/patterns/YBC.tsv.gz	287fa167c440c2cb8a5ae2261be9e6b85557181128e37242ed89b865a3e7e044
F	astra/patterns/YCM.tsv.gz	098ea6816828f422422acb47b3095e72fc919e9839b776faf62bd51b60cec447
F	astra/patterns/YS3.tsv.gz	a6e0072693fc5ffc18269e9260f886a9ffe0166047304a2d0a81095ed8c7140a
F	astra/patterns/YSC.tsv.gz	74a149c423cbb7e80a40490913c003200dd5b9927051ab8e5eed8165d7d86607
F	astra/patterns/YSM.tsv.gz	b2f6d4421ebb1a7d09d7b61ce50d2c40167ad5ae9e6b34c7e9fb010eda160162
F	astra/patterns/YV1.tsv.gz	3e43e42f1845933845c1d96f2773a8e5c83d0d9b84b74f4362331dc60b2c6cb5
F	astra/patterns/YYC.tsv.gz	65441757910f8423ec359ae99ef26b6995e36573c6fe91eb4ec4cd0d78c8b873
F	astra/patterns/ZA9.tsv.gz	1014da38fcf270a832dcc0a2f8ceeaeaf314685e8cc0f224cf26f8349130f624
F	astra/patterns/ZAA.tsv.gz	92c206a22a035b2738fec9a3c521efa834c3d1411a115fca41143e6011dbf92d
F	astra/patterns/ZAC.tsv.gz	3a9d3b64820833ce63f24056801229a814ef6c6f970f236da14b258e947b0036
F	astra/patterns/ZAM.tsv.gz	158772c84cdd6932539cd089ced6259dbe8146e178ac1f6cf8485fe449151d51
F	astra/patterns/ZAR.tsv.gz	02e88787fbf26fb018893da5faea0db33e2548b07a0afffdd47b7ff25b93f01d
F	astra/patterns/ZCF.tsv.gz	71ebf123092639d56cea002473dabfb44384089939578b8af16f0b9248711e60
F	astra/patterns/ZF4.tsv.gz	f5875052e2b1b371929d9f678b337c4a3d8f89303466919fd741d585f13e7ef3
F	astra/patterns/ZFA.tsv.gz	573f266100adfe8cdc66e81a941a778bad45d42023eeb117229749c33e622216
F	astra/patterns/ZFF.tsv.gz	81b3b4f8eed8ada8978e0d7de1772d1a44487259c17966b682d8ef85d69ab528
F	astra/patterns/ZHW.tsv.gz	2da11c543443381c60e1e28c4c4607c82014f8d0269c04c2238ccabeb2faec5f
F	astra/patterns/ZK7.tsv.gz	fabf74fa13b7e97c97476c6f757ddf4c8a3bd57474b1887360461ad40316228d
F	astra/patterns/ZLA.tsv.gz	0d9fa04d1c57f30904d42ac8bd2dfa97bc55283cd565c4dbed1986fb13031c33
F	astra/patterns/ZLF.tsv.gz	26e2c3b5af9111f3934d0801a421cae0c20eaaf1f6483ca9a20d26c4c543f793
F	astra/patterns/ZN6.tsv.gz	57ba0c08c12788a743a042e57e065d2ab3298049f45fc098b0d5e7e85529caab
F	astra/patterns/ZPB.tsv.gz	9a8d80584c404f4a9000978844ab559e40b1fd0a0a43f97ad734392259e48e7b
F	astra/patterns/ZY4.tsv.gz	e51d6203662383ea2d066c44533d9f074587a2cec8177cf96946bcff44df8b80
F	dataset.tsv	fddda990f59d5822a38fa8deea3b0618a326a67d997b868343c1f7d9c486c872
F	decoding-metadata.tsv	4b6a77fb68b591105032a6f3aa9a80a8f4f89453609e7ddb8ea4286b3dc18add
F	decoding/index.tsv	04dd1de5151cc07b2994184d49425190647732469b8dca56fc2eb8bc8b840cfc
F	decoding/metadata.json	d20acd490f63a89343ba2115acc13d8d5f5018b05b5ba81c6c3b6bb1c54b1080
F	decoding/patterns-000.tsv.gz	d057ccf693c8d4f9de2719247e2bd016976b57c6559ace09bb3c641d00be0a02
F	decoding/patterns-001.tsv.gz	9f495e64e7f9541572203e03874d6587c235b826bb75e93e0fddf6867726374b
F	decoding/patterns-002.tsv.gz	febcb3a27c2a34fccf38f93662b7b291e35914c1b5ce2e8c33240fc74575f01b
F	decoding/patterns-003.tsv.gz	b6de3fb3a54ec3ab117dad78e49004ea3237fdf2441f4b6264ccf3ce5e873f12
F	decoding/patterns-004.tsv.gz	a6ffec9da05ec663fe8f22e79f82e18b0221b2951e2f7bf71c74c33e547a10c4
F	decoding/patterns-005.tsv.gz	50f7cc1b036b35080ec157b0955722067a36c0f45b6e6a7942a05717b5614537
F	decoding/patterns-006.tsv.gz	2f3e6adec7baf3e8755f25003913537ed49be31178537c485261db2395bcbabb
F	decoding/patterns-007.tsv.gz	846847c46e51073d7cd5767d28875ba75c4c123f940d7d30416f2465fa6fe79d
F	decoding/patterns-008.tsv.gz	6fb22364f164ac0ac26c6600ab9332b1d1792eca68d40860b3962b0eb26acfe7
F	decoding/patterns-009.tsv.gz	2b012c3b0d447f51957f87dcc67551dfb5c0e8cef92b747060b766296f6362d7
F	decoding/patterns-010.tsv.gz	85147d4b3c2c0ff55dd0ce3b82d5aff207894300f593ac956b9ede2fd2143316
F	decoding/patterns-011.tsv.gz	54336dd782ef2cd4fcd7f1c110ab1f575b0b1352bfd9d1b1eb2ae855ad33ba67
F	decoding/patterns-012.tsv.gz	2caa9831564a28b8558e63f49c960e417988f3d78f8e48002e5bb593a6c71947
F	decoding/patterns-013.tsv.gz	fbd495c7d9a22bbee11f05aff57a23bcf6352281d40ede6cf95859d10a0193e5
F	decoding/patterns-014.tsv.gz	f0d857883f5a58ea55f3cbed7b59f51052965056e3782d33b59048af6defd840
F	decoding/patterns-015.tsv.gz	d8e0f43b3aa58cde6d94dfab799c05ccf7c56e105df495b4235ca897b391edb8
F	decoding/patterns-016.tsv.gz	0591aa9b1220cd2d770a0b45aef7b6f503b6d10b9e0b3b046424b32f06237d13
F	decoding/patterns-017.tsv.gz	a5b954490eec59cae78c603c45d6a1ad740e303484a43f739fe531021dcdaa83
F	decoding/patterns-018.tsv.gz	fdbc812f919d453d427059b14950d571993e666e170d214290e58277e12f919d
F	decoding/patterns-019.tsv.gz	fa7730eb4a98ce5a1a828f04f90edcbcba4207a50d990e166430c656d496971e
F	decoding/patterns-020.tsv.gz	8f6ddc6138f91383b2c05969aa22c48deaccde7c77cb5aeea9abe1847efbbe12
F	decoding/patterns-021.tsv.gz	43b7454059b7e2cb9da525737197b8062224aedd15ee3060181118bb5fb66270
F	decoding/patterns-022.tsv.gz	08899cfcd21b5f946357e64a2825d8d8b522c6d0636f771d39eeaa4fd0d39528
F	decoding/patterns-023.tsv.gz	acd48df5334db43323dbc10aff0bb1f6514043b3017c2174dbf8dee4c6c0fd56
F	decoding/patterns-024.tsv.gz	cc700cb15783f86c6036395efa1e22b3218bbbb9b7716c3c234adea7288c87f2
F	decoding/patterns-025.tsv.gz	0f5eb6e009ae6f95d106dd10cd08d65f3b342f959a152dbf1d86a4cfa3a21e70
F	decoding/patterns-026.tsv.gz	df98a2af6a63e41640fb625114246c77da195964fd493b635f02e1a3e2f0e1b8
F	decoding/patterns-027.tsv.gz	3b1a00c3edf39900535819a2e3ae3167f021cfd9b71fc5696b65df9b94402d56
F	decoding/patterns-028.tsv.gz	f3f40099c9a8166a44c0a247fa05a561ee87b7d8733f97618446a4ad90fbc03e
F	decoding/patterns-029.tsv.gz	24a26ee6271ff49cee511bfbe7f7b380a57a04c6ef84697b93bae5dc1767cfff
F	decoding/patterns-030.tsv.gz	d4c4fedaba94aa617cb99d564f38d8dde245f9724d63dbd2c27d5f2a5e5a1889
F	decoding/patterns-031.tsv.gz	c7428bf062961f63c1bed17df28eb0a714c253fb0dcb938bffd9734e1c511607
F	decoding/patterns-032.tsv.gz	13ec4771975cdd5989e17c63a123b03d5fc0ee145c9bae60f005202da248b696
F	decoding/patterns-033.tsv.gz	3a4c1220bfb8447eb708c3d155c88d6a3e1d78f9e5ea24f99dd3bee1c81c2275
F	decoding/patterns-034.tsv.gz	4c5fbbaed45f1d717883e9e195110bb2fa4ca6c33c807818cb9a980f8db23d41
F	decoding/patterns-035.tsv.gz	0d644fd48835eb85c0509e72c4cf0f68f09faa7d78ff704c80b7fbb43ad48855
F	decoding/patterns-036.tsv.gz	e42ec3d84b6670042586360f6ae056b85ed380b2bbaa369c55c26a812a3c8cde
F	decoding/patterns-037.tsv.gz	919dca464016a8eb1d39c6d1f6ca1864224386c03cd425e030ea9370ad441bc2
F	decoding/patterns-038.tsv.gz	b45b9879a2952e51aee973502d45ea46afe77fddf94fb7b39fb0c2f3677fa90a
F	decoding/patterns-039.tsv.gz	bf6a00c0484929293a1980e22e4ee8244760a46895e2726731cf5b6b14090128
F	decoding/patterns-040.tsv.gz	d87fceeedb25cc968505c28f47e82a704a5a3397d97f72b1db88c3f7a20a600c
F	decoding/patterns-041.tsv.gz	cc9f1945877363e776d92c6174d315defb97192f226ffb162fbffc690948a231
F	decoding/patterns-042.tsv.gz	d4b8fd26dfcb1b54062daefc962023386814affccd280491b8699cf2f39416ec
F	decoding/patterns-043.tsv.gz	df94080b7236a5f3d11682dbb5d7fd4f1de40f58ef68aa95c402d26b66485644
F	decoding/patterns-044.tsv.gz	de36275070ebfd0f5f436d1495bd48e92865b7afbb19b2f54feb70b1ffc737ba
F	decoding/patterns-045.tsv.gz	841dd9b1ded9509d1542832b50674d5f4efe1a09746134250c05246f319b6c46
F	decoding/patterns-046.tsv.gz	29b49dd8f5dde4f513e003a80a73212a996258ec823f1bac8125249a58b6aa3c
F	decoding/patterns-047.tsv.gz	17e668db6a21d79fe4e21d70d9d09cf69c0b87151221a36af612fed0d73b48d6
F	decoding/patterns-048.tsv.gz	9a5b0123d067bbb055e08b385bad0a7d91ff6780ddc8087ecce24730edb2380c
F	decoding/patterns-049.tsv.gz	7f1083383c5d986f23b356f7f51cc4cfcb493d08fe18a27b8685845a3b30c096
F	decoding/patterns-050.tsv.gz	d36b893cc2d5e0f0ce500824e6a1c3e4c464a7a0cce58739d7501655d3a84bf7
F	decoding/patterns-051.tsv.gz	20541de9b1aa1ff071de07aadbeaf559a246b53aea62522ea8967821ec66fc52
F	decoding/patterns-052.tsv.gz	70cf507c645698a031f74eac5e5fa336538b5f690c53034f54e94bd2e5017c3b
F	decoding/patterns-053.tsv.gz	c4f6032d6f0746b18f694ce0087f336ef619eaa4a6ee8890d9d2410499e00582
F	decoding/patterns-054.tsv.gz	b3266fc5bf97a66d63ab7160d86db9e1ec2e98991046743ac9068d8608955d1d
F	decoding/patterns-055.tsv.gz	26f26abab1747a8cd9139332f227c270a4fc63b9c8de4a01e31933d54c7ef318
F	decoding/patterns-056.tsv.gz	2507bd7db8525ff14472b67238b4123b9f6c71a8489bcdcef8bb6afdb76f6a01
F	decoding/patterns-057.tsv.gz	13f5180122cc968e6ba9ac0479ffc2b902bf05d6c9cd038c1b8742fd5a2a5fe3
F	decoding/patterns-058.tsv.gz	d2b3f672f692c9b3edb4a401fdd48d688d1ff17c13decf04afb63b08393892ee
F	decoding/patterns-059.tsv.gz	741c18a3e39a0f8a483e0c0a69f450d82ef854aa3c1df894284a161e084d9d04
F	decoding/patterns-060.tsv.gz	f04516b197076081479e0e9adf2b504a9813031c4787dfdab9ad5b6375457abc
F	decoding/patterns-061.tsv.gz	7f3e00ade6b401818a1a1a2a59c2ed28c9c92f6a88858ce8c1f0ff3a8cdbb9c1
F	decoding/patterns-062.tsv.gz	eb079fbf30eb8f0a24f69788f9eeb19add89f40fa542ff38847df836d6b7c96e
F	decoding/patterns-063.tsv.gz	9a06afcd605c0b2b3bdb1ed006f384488f7aea3e44401d3740e57f405bd7085c
F	decoding/patterns-064.tsv.gz	84e1c9f57e0066a0529a63c94378c30b2308f0c7b6a0f23be4bc63472ef811d0
F	decoding/patterns-065.tsv.gz	4a28bb473c6ae541a649935c87e1136023ad162333c91d3dc76e335825cfa01f
F	decoding/patterns-066.tsv.gz	7d2811b43e219bb064d5dcf53c492695ba8a18860c70af75338e537adde497d1
F	decoding/patterns-067.tsv.gz	72afcf0ae49535127b3263086912ffb20cee58b1a4ce130de687cd61bdf4bc54
F	decoding/patterns-068.tsv.gz	b05cc5e9f9933c8f2d5fb6931d81cb881954bc2a98843d769a6201e5a5b2f372
F	decoding/patterns-069.tsv.gz	a50c19d36ea3f0cbe575053144156f07e748d844c7a32ae1cba51a078be228ce
F	decoding/patterns-070.tsv.gz	bb00c68447b19b876421d1219d95bff42d6c31fdc6591c16e74623284e7a98ce
F	decoding/patterns-071.tsv.gz	c45dd2342a7c2c6bd49598757656e9f9334db08850065171df538122b79a41fb
F	decoding/patterns-072.tsv.gz	c8a9c9ab744e91835670d6f0004168aa1004a75c7faf89bbfbf5cb18ebe040f4
F	decoding/patterns-073.tsv.gz	82467091f488964f98d163cc9d7dc24039df849deb2b163cbdc095ac2057d803
F	decoding/patterns-074.tsv.gz	32ff24c2726998ada6e11dbc660ffe64139d41b115556b7ed9a7efa6b1d3623d
F	decoding/patterns-075.tsv.gz	ad72b2e8aa7af82ec9df3ba2b6c76e48f6507592fb9c574ff46678dcb68ac181
F	decoding/patterns-076.tsv.gz	7fb65f754be51cefef975d1fa7d70192ef1812f549bfc7f1740d4b3cc6e0d189
F	decoding/patterns-077.tsv.gz	8e2fa8cabbd93fab7809d79e705761604ca93722b1cec8c9c953f35a70193d32
F	decoding/patterns-078.tsv.gz	bda0c3b10c55a6df84c70fa36ffbf1f22dbc4fb5efd1378f06e47c8611a7f91c
F	decoding/patterns-079.tsv.gz	12c0bbd161d2f6c4fdb7676573cb146013e28a6dc0fbc3aa54ba16d90b702db6
F	decoding/patterns-080.tsv.gz	addc3d170390e512d85d08d1ed706af0adb95bf90c39c91eee4ff3554abe1de7
F	decoding/patterns-081.tsv.gz	8597d615b13329d44e0ac1b0e0a0fe5ceacbac2791c0abd2fba02cda8112f76c
F	decoding/patterns-082.tsv.gz	7ffc1c7677cd881f884f8d46a2d238a36698ac481706c4ca7944dc460756f6ab
F	decoding/patterns-083.tsv.gz	b6925b0bbdc3415bb284924aac28ca823647bacb91c6b98bbc54fbd64853e491
F	decoding/patterns-084.tsv.gz	b36c17a559e6e49e0f742d9303b76a9079f99eda8243dee5b4d4136eca252374
F	decoding/patterns-085.tsv.gz	c12f4752a6574ee994fddb597b9d5284df76273aff0a618d3db68ca19d6eecc2
F	decoding/patterns-086.tsv.gz	874ebe8527b80f3900bf1b73152b473e3869390c7b0f56244f4f77c47339e583
F	decoding/patterns-087.tsv.gz	4ff0af07f074c896b2952f2052315710a02ef7c46cbaae5965d96ef4e3b8a011
F	decoding/patterns-088.tsv.gz	a485c352118368f1dbf03d2f0bca65ea52c3bdff8a9a3cbd027be5858ed4c317
F	decoding/patterns-089.tsv.gz	0e1011ef476e6161ec23944fa42621b4b32acec60e7d1138d80d7f488cd4a425
F	decoding/patterns-090.tsv.gz	437b18ff4df002186ed79c9c7ab13e1181fce69883001848733f25f162a8e92d
F	decoding/patterns-091.tsv.gz	a907d6cf012b84d05d22a89aef188f499bbc4da35d9efb907672723a92f95cd3
F	decoding/patterns-092.tsv.gz	2e808ec996977dfec2accdb028d970ae037aeffe493fd532ede90e6bd55b993c
F	decoding/patterns-093.tsv.gz	2dd6aaac7b23d291683b0cb03da7fa00aa0dfe16d30feb6b5b925d09438e696f
F	decoding/patterns-094.tsv.gz	2c381daf6c4b5fb5d67bb1ab61ac22756ffecf4779f9a3e9841909a7bcf04852
F	decoding/patterns-095.tsv.gz	1e0f404f59ab022087ed74eadf92a01f3148d6dd8fa7368e9299c6a7e75c32f4
F	decoding/patterns-096.tsv.gz	bcdd90cb0f3a373efcb4bf07ea25f5e612433a8712b54df891a3a7fb160aaffa
F	decoding/patterns-097.tsv.gz	bdb3dfdde7b866ff94a68e3f0140d2d9edd00f062371e2280a66a1b68149079c
F	decoding/patterns-098.tsv.gz	765a81b9b01230da40999deed8a5e50ce13886da187232b29225a0a610ce80d8
F	decoding/patterns-099.tsv.gz	0e678aedda2a93c0cb7081e5bef5fa7609ed6d78ce95ab09c58eeaa64447bd64
F	decoding/patterns-100.tsv.gz	c36d63d4d5b4c83174c8394109dc9440b61b234f8b0454ab2780774adf2aa550
F	decoding/patterns-101.tsv.gz	a7a213a399307396cf9acd40f0b611209e5beeb2d3aa8028199aa671be370fc5
F	decoding/patterns-102.tsv.gz	1df4e63b39166f30dd5d286e58170bbe110972e5476fe5e7e22475ba8a86b503
F	decoding/patterns-103.tsv.gz	580a493bff700fb74ca6911ff62ffc3982c31390402d72cd34e40ac4ec4a5b03
F	decoding/patterns-104.tsv.gz	b425d5b9cf330b1827860168f3d129b1a0006e7a02cca067a8722c9feb1d289d
F	decoding/patterns-105.tsv.gz	3a1b7e521878fa5299cf555923eedae01217cda744387d2f5a18d61b76ed733e
F	decoding/patterns-106.tsv.gz	60db15c314e5f42132c620933fdb88d6c860bf79089f6c3617ab9a32a6b72a9d
F	decoding/patterns-107.tsv.gz	4d12a5c7ecae44930e171e0aa1a4e833636594d3dad0316094620701bf408152
F	decoding/patterns-108.tsv.gz	46da8011c135636ca8ec48784d3311599d99d50a8093cc10415c0a918c8c806d
F	decoding/patterns-109.tsv.gz	0e2bde8a4291debccc888cab5797b4267c1c8ef27e868bbb723ff39974c99df8
F	decoding/patterns-110.tsv.gz	5cf6dba24f63fef2bd4582f14c9b5e0a2d907cc2df2498fa0dcf3284e5eaccca
F	decoding/patterns-111.tsv.gz	d312ef5cf85c6790724e7a37c0be5da2490067eda9e8877c42b8661d74d54e4f
F	decoding/patterns-112.tsv.gz	29fe4003cee6f394dfff9ba1e577d205cb15c0426a69410c58650be8115dab0a
F	decoding/patterns-113.tsv.gz	1bb2958ff8a64a97982eaac0dc44692224b19be87b5ac6660181fd3d7f18e6a2
F	decoding/patterns-114.tsv.gz	e05359973f729ed1063f0237e39128b1a20924cef65f292be8c2e2c991f719b8
F	decoding/patterns-115.tsv.gz	fce9f2b6ffa5385ed8287c8edbc13da6e06ad4a9dc2eeb128050d6e9c7e94a22
F	decoding/patterns-116.tsv.gz	fb75f261e0703a0bd3361e2ed01101d2c8a32ee70151b540aa545258efa12bb9
F	decoding/patterns-117.tsv.gz	aeec0608c6ef955daf880b32833da859c418d7e9538baec5ed8074da238e7b19
F	decoding/patterns-118.tsv.gz	ee2f997594f286071a364ee624e380dae994a0b63d5d631b7e66bab89f12a317
F	decoding/patterns-119.tsv.gz	b3b6b832e354d91607342a3604e8eef6045780019d90f79ab26913501604818e
F	decoding/patterns-120.tsv.gz	a569a730c4c48fbe7d6c19c6a7bbd40fa326be4a04321262cfc222482986961a
F	decoding/patterns-121.tsv.gz	96b6940a6800d2d88d609d7c326179407688578014e0e79f913d8c5d9d7c714e
F	decoding/patterns-122.tsv.gz	59d7789c81a7a4c05fb8f76d07eedf9af37f1b7f1d6009bc12c3ebf647260c24
F	decoding/patterns-123.tsv.gz	26381888afd612f552f3c21954d34dff453860dcb8809a3ec62b5ba4a162db5f
F	decoding/patterns-124.tsv.gz	7d059f693cbef98ead2512e999464f0d741611bb596fd435be5b062f71994d99
F	decoding/patterns-125.tsv.gz	4a8d7db0b66a3abcae03526ef82fda6000497292d038c8cd1d4f5e617a765608
F	decoding/patterns-126.tsv.gz	026fc1c768cbdcf988328b6eb6158bf93b649101fafb183a4585babef54970ba
F	decoding/patterns-127.tsv.gz	b35df60f87c2a4b31a0b97e9e07b20ab3f209ce27a21c9def743aad45a4d3686
F	decoding/patterns-128.tsv.gz	d591381f18003621d26100bbab90efb06ea351877261c5d0d9a0dcfb503e6072
F	decoding/patterns-129.tsv.gz	06f3929f43fb0edf9eb0ee8decc57707a834a06cabbd6ac62febaa6ed50023e0
F	decoding/patterns-130.tsv.gz	f788c008af8ba0563540f5178764e32191c5cf56b58c106f000a90bc5ce7e4f8
F	decoding/patterns-131.tsv.gz	733270a230b2b534a9678f68c2d54ca0e85d933794b91737a10a71deabc7c098
F	decoding/patterns-132.tsv.gz	0c07cb0752a328d6d29bff899863454e05d3828d73ad4f76bd6ef1a1e85139ee
F	decoding/patterns-133.tsv.gz	72b91a65880d4685d2f779037fa5f97a8f1287efeecd5f7907f4b638f2ff4ee8
F	decoding/patterns-134.tsv.gz	e8b8debf86c2ac4612cd28017c333dc13b49dbd82b1700e940983fcfb87a1ca4
F	decoding/patterns-135.tsv.gz	42064b7b45955e44739d2326548c207d1765cf1e8f48650e6d969b894319a947
F	decoding/patterns-136.tsv.gz	4a4da3f50017bac45f60ec9166709c7ee62538c92b5f70065568f82d20f5f515
F	decoding/patterns-137.tsv.gz	d3381f5878cc7cb9f8ba2c09235cefe2c1afc58b3788cf228c18e19276d99d4c
F	decoding/patterns-138.tsv.gz	1fb3b1776f80a68733f7c176cde58f85d24aeb7fcbd285d7e7b6358403121f16
F	decoding/patterns-139.tsv.gz	bc776316bbd1821263deb3433e7f36ab05c566093a9f452057c21638c46915ae
F	decoding/patterns-140.tsv.gz	65961eba3649cb34310f6370638a6e03b67016aabc6d08ad4e40b9c79de057e4
F	decoding/patterns-141.tsv.gz	03d23c3fee0f9c29820182ef2d710bd77bfb06d7bd9a4cdffc3f53009412c83c
F	decoding/patterns-142.tsv.gz	3fcfbcf733c5439378a38d7ca07e57153803aa8e2f6c8d93246b0da7673ca7d7
F	decoding/patterns-143.tsv.gz	f7673140008293a0880fcacdd3a9f74b0e1cdce39d64c52e9b9670dbb26f3390
F	decoding/patterns-144.tsv.gz	ff6b24a5e11bcc6b8fdcf458955bfc3209b17d27b3f0cc6b1e774c5b9896fdbe
F	decoding/patterns-145.tsv.gz	3f206f4831cbe453109b7f9595486d1e0c6fd06c157c5b026eb75313243a5ec2
F	decoding/patterns-146.tsv.gz	a104d0a3475be6aa5bb2a9659d2c6678e518a7be14c7d356179692460c69fcf2
F	decoding/patterns-147.tsv.gz	c8d834fb34707410fa464fa1d0875d7af1fceb9d10a7e816273e8ce57b0129d7
F	decoding/patterns-148.tsv.gz	1fdefc46aaa721d85b8389e162c923428bb288a62280621bbc772f971fcef1aa
F	decoding/patterns-149.tsv.gz	475329b826624d1738b16af8dfa43d8e1dc794bd4d065ddd558609b3c98c4809
F	decoding/patterns-150.tsv.gz	bd42cd886d03c572836c9a7ad68d3d6b779d3c07f044b713532a0c5e87b9e821
F	decoding/patterns-151.tsv.gz	4d4fc3ca7d78d3d4ae0ad4ca192d987029d2ae7391dd3de3cb7cb9bc6bbbe045
F	decoding/patterns-152.tsv.gz	3384953726d92980c639e118bc374245f6e76cd54bab9a0f98f3ae0387ebdad7
F	decoding/patterns-153.tsv.gz	39dd06c27c5b5eaa9371dbf7d5f4667be09f747966f63e17049897e5dd6eb88a
F	decoding/patterns-154.tsv.gz	93044ad51042b41b3c84347703005d93e1205e3bd9d5b3a34dc518c26508c0bd
F	decoding/patterns-155.tsv.gz	90bb60f6058d82d24ea20dd6bdf474947dc52e1d9fba83b9ddd6362030eccbfa
F	decoding/patterns-156.tsv.gz	3d74b548cbb81b05cee16ebaa3d35cb6f2a5c4c6f7647770911d3a8b456dd421
F	decoding/patterns-157.tsv.gz	8158f3e5df720a1bf22001ffd6585fa0d2b4e4d39f646d7570f2c8dd0ffc3fb9
F	decoding/patterns-158.tsv.gz	97cd4cc5a45610b2cefb3d4224eb509bfc63aa51bcd463a9a7dd3384a9f0f9f0
F	decoding/patterns-159.tsv.gz	37dbbe846878325105caa852c0ddfc145207dbd288b57e949f68c1f01cb55a04
F	decoding/patterns-160.tsv.gz	a2b2e3c5b6611c37b99feedc88aec3c3ab649b48342a47164d2dc3f7daa4ea78
F	decoding/patterns-161.tsv.gz	910c3523c5309bc03a43809bac2400aef6a7970f30f8a3d2bb76e9b73cdebc93
F	decoding/patterns-162.tsv.gz	dbcd05b1dc78bfc0993e831bc517bf7c2650c725356dc0ce11368f8d0dd8ecf0
F	decoding/patterns-163.tsv.gz	bbfda491a920062369cf3a56fabf547ce8f503f3890ca4ebb1189651bd124a75
F	decoding/patterns-164.tsv.gz	2b2ab296dcbd98779782bc2bb478603c4ac12cd069c1adf55bdc325d79f4fa9c
F	decoding/patterns-165.tsv.gz	b2b1a807a4bfb604269e4097a33ecb820945ba59b0bcd5c8a2c9ea7a87eab570
F	decoding/patterns-166.tsv.gz	5b2aba1b349e3f5258fb2b4cd5a750642d23d827a492f117324e0b9a3dba13e7
F	decoding/patterns-167.tsv.gz	e8d09afaa841bff7269e6f24e281234d0838fa775cc0b9bd5625cce561621222
F	decoding/patterns-168.tsv.gz	d6507e36f1a85a974d535abe045e8ea619071f053eb8fcbb61380226b79600c8
F	decoding/patterns-169.tsv.gz	de4ed4ce5e3775c99bbeb88ad13fd12ccd5af59a84e0bec6a78d4f8cdf0368d7
F	decoding/patterns-170.tsv.gz	7ee30977df58f633899167437f98db8938a66869ec587a30ca885ae7404f4fc3
F	decoding/patterns-171.tsv.gz	e35eaeba905d452e60abc679233a7424ce64111ef51c252666d648b7c304d2a5
F	decoding/patterns-172.tsv.gz	af3133f4b642fff855be167d188bfe6fd1b609e6adba8dd2c7da95555c878a7d
F	decoding/patterns-173.tsv.gz	e5b5befe204f6b070d813d3f74b3cabf19b464c8052e5d1123ba9098ed3a2b75
F	decoding/patterns-174.tsv.gz	e6bd2c233eeab902f74a5116ce7687209146b2a478b3229c1b46db2f87f68e0b
F	decoding/patterns-175.tsv.gz	7c1367cbe3fbda51589b037bc22b6b3a88a9e0b3c5d50f9ca42593c32cd430bf
F	decoding/patterns-176.tsv.gz	25db2012741678787e52e561157701f0718c522797638060efafa24fcff5ab50
F	decoding/patterns-177.tsv.gz	7a7a12504d26fcdeaa11c7df12a5d2f716a84f92318b3ea3ca0d4fe76eae3da2
F	decoding/patterns-178.tsv.gz	489e1410a18b4d9b35ba0ede2a7f6474b8d3651ff52c854b02ddd5a3c56441bb
F	decoding/patterns-179.tsv.gz	128b5f786a0d3b333012ed725a4e76368d7a0cf17e635063b917879ec33d7c61
F	decoding/patterns-180.tsv.gz	141a472fc9a0e0ac3fa994bac2c9fb059d764263f9ed47b1f63451577bc2d379
F	decoding/patterns-181.tsv.gz	dc0022d344e97d4e8ffbc0eebb1222af89c9db338e59fcd977497312a58ae1eb
F	decoding/patterns-182.tsv.gz	2bd83d8c75863a3c6d21c6359813a036c83d041d510f0e9c02cfb2fc09569a07
F	decoding/patterns-183.tsv.gz	a4518afc552df80566aecdf692684dd015eb4b656b1753347fa6e541a9f098e0
F	decoding/patterns-184.tsv.gz	3fba5d623ecc372814ce4be968a4048842476e35855a076042f295b8ef248570
F	decoding/patterns-185.tsv.gz	0ce8caebce1d4d8ebb92a77bea86c261f42c1c046cc3b8006bf2a5174633ff4e
F	decoding/patterns-186.tsv.gz	663f649fe5bb18d981ff543db0938183c5f41a3ccb6c1854feb3e02ff21e6f36
F	decoding/patterns-187.tsv.gz	6b556345d967cf7dd9ce527980ac54a8b2d54dbffc684e9bf684141cf07fd4f8
F	decoding/patterns-188.tsv.gz	e7cc690fa04b8de715022c09d930ca8608c1e858433b0ea041ccc10a2cb1ab05
F	decoding/patterns-189.tsv.gz	aded56630aaf65abc47385fa1fd6d0d33811edd57b0cb0d0d8e9a17ffc07f8c0
F	decoding/patterns-190.tsv.gz	abbf7892aa5d54cd963136cf4880df3e9837307ee2fe27e351d6289e593dbe52
F	decoding/patterns-191.tsv.gz	2c08d06b2fc4ab3c07495868eace9df0115f40a4f051b04575d672113d1e38d6
F	decoding/patterns-192.tsv.gz	8a8808a87789fdffc03c49b12cd3329fdd9a8e08341c75e6595cfa7464586fdf
F	decoding/patterns-193.tsv.gz	c57db12752b930cb367b8c62718ffbd4486f738d2ead8ff4cc28d6f673f61400
F	decoding/patterns-194.tsv.gz	f75731e39a1f5d2c3e96fd2d9bb08b7c09f49d0ac6134adcefc4636e5fe67e08
F	decoding/patterns-195.tsv.gz	883f111a63840199d32835e60e9f2b7e40e2818ac7b2aa5a85baaf94e60cf659
F	decoding/patterns-196.tsv.gz	4bac1da05c96c8e6aa4fc2890b59d6929e0e3cfac044e787c62c0fe7c57f017b
F	decoding/patterns-197.tsv.gz	ffe0b173fc68cfb3cabaf3c84a76011b8eab3251e0781b1235f4f07b27779407
F	decoding/patterns-198.tsv.gz	af2fed70fc06c8dd51de85efb14a1a10a56440017bbd0cf3582ce226384c1c1c
F	decoding/patterns-199.tsv.gz	8de7b2360368603c2fba1d51ab6b03c06ed62333dc90624606bec7989f1ac99e
F	decoding/patterns-200.tsv.gz	77df8fac06e0ef33e2ee4624be7737ee3eb8d32a2bdc483d8657d74339577473
F	decoding/patterns-201.tsv.gz	26fad805bc6ffa9c206f115be51ffba6a9ff0f5583bade1e66c08ae99a901b66
F	decoding/patterns-202.tsv.gz	66d7115421c75c8b1809639ec4fc77f6a300821781a1c2a3b01f4e1eb3d367a7
F	decoding/patterns-203.tsv.gz	fd7e468df087c91f09d9441db11f3737e9761d6870362c51676ce0e7fffbbc50
F	decoding/patterns-204.tsv.gz	cbed51c2dab734bcee82b37e39108626cc16798ca9def750a9a169ffce4cd5bd
F	decoding/patterns-205.tsv.gz	cbb5b647ff4ed2538c005ed483e57d6b55a5a79c94521ff72bfaa0c35bd2828d
F	decoding/patterns-206.tsv.gz	19ca269a89acd946fbeb9456990d064c30cc3e9a84bf88b0a669df1726b7317d
F	decoding/patterns-207.tsv.gz	05515a80d20a4207954f924497bca3254f59b6627bd825c384476f8375983ea3
F	decoding/patterns-208.tsv.gz	25de3f0444943579c7c91b2df2eba7dac7b4f6b5a642d6d4aa8e34210e236dbd
F	decoding/patterns-209.tsv.gz	6b71e3be94778c4660e582f457d0cad1b74be387cb7a834d5b03433fc71da7e1
F	decoding/patterns-210.tsv.gz	3c771f0563d277048829e7d59dc0c1c8f27a42555835befcce912349691dacb0
F	decoding/patterns-211.tsv.gz	4336f401763d14fa07f234c7a745e30223d61c15211a78398da5ef21084891e3
F	decoding/patterns-212.tsv.gz	a6376ed7108c077c7a58e27c54f73cca54c612801d6f83f56102cb79ebba7cd5
F	decoding/patterns-213.tsv.gz	ff54081b576e98709287431a5ab73f4f9c62e54a4e9cf424c895b73f9d2682a2
F	decoding/patterns-214.tsv.gz	b2366422a5b198c02ab21142e2a421992947c8ec8eb3ec42aec0e8dcec8bdbaf
F	decoding/patterns-215.tsv.gz	3b097b68495f63b19b9e7a75da5c0433725cf1e4ab018f43f03fb9a8f63398e8
F	decoding/patterns-216.tsv.gz	262eb46f56c6117f0e801ced8eb6c397f0fc6bf8d051780790ff7982995944eb
F	decoding/patterns-217.tsv.gz	39104574777ccac61add4d5029b119f9ba11937b9d2e507c0ba9f5d49178502e
F	decoding/patterns-218.tsv.gz	efd89b589cbec3e0a0ecab1ea5c7504b91b3e9075e5b2cb397ea4b05b81f96ef
F	decoding/patterns-219.tsv.gz	45ee1d4ab91007713d69153cbe76ceb49dc4751be914ff71f40f3f9ca0bdecc7
F	decoding/patterns-220.tsv.gz	6304727685ede039c9007a84357cbffba292f682f74f82b66ccfc8b67f374b9d
F	decoding/patterns-221.tsv.gz	6079cd8a26119ea1751e8a6ca897610a11bd7a4121c8aab83e654079d7e0877a
F	decoding/patterns-222.tsv.gz	6ebfdc95639eeaf7095b4ce667f2d8233b4afbac41803c100b02f0ffeff4e62f
F	decoding/patterns-223.tsv.gz	0405b2f087aa6cee64994366bb81454b2607bb6d4718592df0fc336173dbdc49
F	decoding/patterns-224.tsv.gz	9e0af68bf022164a47e37249a4f24f22c2c88fb64b6e8abc4423a30126f55543
F	decoding/patterns-225.tsv.gz	a9e575e9b35237c74101942427f1c33a2dea994b0092b30ba1abd4a74cd6b6ba
F	decoding/patterns-226.tsv.gz	f20dc7897d2b417f9b637af4ac26d780d56efdc873f569efca725c9790d057f7
F	decoding/patterns-227.tsv.gz	60aae0357d208a52534ff7347dd3eed74088a798eebe16a9f4ee85bc3eee03da
F	decoding/patterns-228.tsv.gz	e9bbe110678fbe8fc7e918bc9559cf6881f77846ebac84afdf5864c4f7568293
F	decoding/patterns-229.tsv.gz	7b8346fcb4d8529d02e42feb1cb5be019ce18c2abce90cd18a07ea3b9674dbcb
F	decoding/patterns-230.tsv.gz	e01f80566ea7e5adfc88c4c23435b37c7b85ebf81ae7da6e5f118d2090715a05
F	decoding/patterns-231.tsv.gz	bde7d4d6d3d550ea7a59697afa5668a85848ecd6885cb340d523493bdddd3780
F	decoding/patterns-232.tsv.gz	1ed04d7bb5a09da2cabe688dc93eab7e8ce3742fd523dd0557266c0c8b4dd261
F	decoding/patterns-233.tsv.gz	1f14784adfe0f578c491895ff78bab78639f23b1265a665fbe42d7d7a6b95df7
F	decoding/patterns-234.tsv.gz	6ebf113318cdc97d7dddb654fcf3bd66273685166fd1d94714cd2109c571b0ce
F	decoding/patterns-235.tsv.gz	b91e455c27e02bab2419df9cf8807e491347ec70313e336a4e0e7d39e08f1e64
F	decoding/patterns-236.tsv.gz	70c4e2f33f5e0c72a9890764bf7051635b31c2aa37993e2616d40290d1d51552
F	decoding/patterns-237.tsv.gz	05aec681247cde3fcc16e4d7bc207008995fb67dae1b871b215cee3f4c5f994b
F	decoding/patterns-238.tsv.gz	5d1484d4b7f1072cf02d9257e9b597d055771364c64733fb341ad9c9bbc46948
F	decoding/patterns-239.tsv.gz	dbede47dc77a950f38ad8fee62fda0b87b4b9192029242e4f00db5cead02d4e9
F	decoding/patterns-240.tsv.gz	835db4f88c894ae35729ebc2de2b7fe09ce14ab00b0902708a4551c23d31098d
F	decoding/patterns-241.tsv.gz	59c7d68fc23cb04b78ecc90fe0a716e6368f6cb9e91500226a28f297186960ef
F	decoding/patterns-242.tsv.gz	a3d4c3baac570f86055b87e5165f8c9abe02a2c7b6907ef05ac9c5a4b58f770f
F	decoding/patterns-243.tsv.gz	d4cc06daf3faee27d697f0b2ec9c9c59fafca35088bc5f668b5d4d4296c4314f
F	decoding/patterns-244.tsv.gz	0bf7844d373fd691c1d6348e23b859212e3cc56bbf68609a24d69548816330eb
F	decoding/patterns-245.tsv.gz	0312cb715987a6bcf01dc839262f084db16c3b23db1c289aaf3c2f96f73df695
F	decoding/patterns-246.tsv.gz	782f7c5dcf6663f45acdfab83c0e129f560ccf0fbdaa32b4de10605ffce96ca5
F	decoding/patterns-247.tsv.gz	5df1fc51b31a758e53079a57bb56dbf63caccb8854a8ad7874c850ce7f938c36
F	decoding/patterns-248.tsv.gz	0a8e65873b9c389935b1901abbc9e62fffed29bc1e6056851bd435550bcd4c8a
F	decoding/patterns-249.tsv.gz	e92f0f817a9e8a9164dca080c4f4bc4d8fec5dc434548adf9376011c7c1d9ce4
F	decoding/patterns-250.tsv.gz	859f3ff4fa64d848f039286631e0260aeee1b58e8536072e1d97b189e4e9cc29
F	decoding/patterns-251.tsv.gz	737ab3d9b75f86509593ea4bcb22eb4aabade036ff6de4d6f7e91152603088b4
F	decoding/patterns-252.tsv.gz	9f6fa0dec6952ff1e9247b1d556e745e5d349ee84cb7f461453bae1d03ec8755
F	decoding/patterns-253.tsv.gz	587171e9c54758ccc2b85b2660a75b74c0b243e005ee12d3a3e8d9641eb4829a
F	decoding/patterns-254.tsv.gz	72c54417b8d4e3ee57e8adf4488fbbb2386c13533357f2749eefb70303ae32b0
F	decoding/patterns-255.tsv.gz	33c068b7f18beec26a003ee883bc2a3b3b00464ce607c51d22126faba14b9b97
F	identity-metadata.tsv	a3d80ec725cbb02cd3b5abb6cb98f92df0dd2c1d90716b3c289198709454593b
F	identity/index.tsv	664b8c87ca462c3c56dca4ddbbc90d7c9802b55f0600bf66db2028cb2c327132
F	identity/metadata.json	4574b56ad3e966114330507fd1def82a67ed11026e0c44b26d63ae2105414859
F	kba-metadata.tsv	3527b381eb739f006e664a878e0ec2eb5c9fce7c7f8a896dfd3932afb775b975
F	kba-wmi/metadata.json	0f7e3d074ac71c71caf07e723fbe620dd61937e819dfba303551547e3be72fad
F	kba/metadata.json	f776dd2eb69a2ec7f1a8097333bef2c673838c5f37a897b2c8201e3e057245cc
F	kba/types.tsv	3a17dccb5599723ba174ae1bbeedcdb8fb7a386887b5de61f0acfa50039257c4
F	policy.tsv	bc2ccfbd6e5d1d404948fa2d36ee86168e9d60731dfa926288008255341a6209
F	rules.tsv	752249f67833c3c2bc006c1dc05755bc7a3ee636617d7632d6f399b67daf5e43
