catalogue.assumptionCode	S	Q0FUQUxPR1VFX01FTUJFUlNISVBfVU5DT05GSVJNRUQ=
catalogue.market	S	Q0g=
catalogue.warnings.length	I	2
catalogue.warnings.0	S	TWF0Y2hpbmcgU3dpc3MgdHlwZS1hcHByb3ZhbCB0ZW1wbGF0ZXMgaWRlbnRpZnkgcG9zc2libGUgYXBwcm92ZWQgdHlwZXMsIG5vdCB0aGlzIHZlaGljbGUncyBhY3R1YWwgY29uZmlndXJhdGlvbiBvciBtYXJrZXQu
catalogue.warnings.1	S	S2VlcCBlYWNoIGFwcHJvdmFsJ3Mgc3BlY2lmaWNhdGlvbnMgdG9nZXRoZXI7IHJlbWFya3MgbWF5IGZ1cnRoZXIgcmVzdHJpY3QgdmFyaWFudHMuIEFwcHJvdmFsIGRhdGVzIGFyZSBub3QgbW9kZWwgeWVhcnMgb3IgYnVpbGQgZGF0ZXMu
patternProfile.assumptionCode	S	VVNfTUFSS0VUX0FTU1VNRUQ=
patternProfile.conversionScale	I	6
patternProfile.cycleDiscriminator.beforeYear	I	2010
patternProfile.cycleDiscriminator.conditionalType	I	3
patternProfile.cycleDiscriminator.position	I	6
patternProfile.cycleDiscriminator.truckType	S	MQ==
patternProfile.cycleDiscriminator.vehicleTypes.length	I	2
patternProfile.cycleDiscriminator.vehicleTypes.0	I	2
patternProfile.cycleDiscriminator.vehicleTypes.1	I	7
patternProfile.engineElement	I	18
patternProfile.enginePriority	I	50
patternProfile.extendedWmi.character	S	OQ==
patternProfile.extendedWmi.position	I	2
patternProfile.extendedWmi.suffixEnd	I	14
patternProfile.extendedWmi.suffixStart	I	11
patternProfile.fallbackCode	S	Q1JPU1NfTUFSS0VUX01BVENI
patternProfile.fallbackMessage	S	UG9zc2libGUgbWF0Y2ggZnJvbSB7c291cmNlTWFya2V0fSBkYXRhOyBhcHBsaWNhYmlsaXR5IHRvIHtyZXF1ZXN0ZWRNYXJrZXR9IGlzIHVudmVyaWZpZWQu
patternProfile.formulaPriority	I	100
patternProfile.keySeparator	S	fA==
patternProfile.keySlices.length	I	2
patternProfile.keySlices.0.length	I	2
patternProfile.keySlices.0.0	I	3
patternProfile.keySlices.0.1	I	8
patternProfile.keySlices.1.length	I	2
patternProfile.keySlices.1.0	I	9
patternProfile.keySlices.1.1	I	17
patternProfile.makeElement	I	26
patternProfile.market	S	VVM=
patternProfile.modelElement	I	28
patternProfile.multipleElements.length	I	7
patternProfile.multipleElements.0	I	121
patternProfile.multipleElements.1	I	129
patternProfile.multipleElements.2	I	150
patternProfile.multipleElements.3	I	154
patternProfile.multipleElements.4	I	155
patternProfile.multipleElements.5	I	114
patternProfile.multipleElements.6	I	169
patternProfile.referenceYear	I	2026
patternProfile.stages.length	I	4
patternProfile.stages.0	S	cHVibGljLXBhdHRlcm5z
patternProfile.stages.1	S	bW9kZWwtbWFrZQ==
patternProfile.stages.2	S	ZW5naW5lLW1vZGVs
patternProfile.stages.3	S	ZGlzcGxhY2VtZW50LWNvbnZlcnNpb24=
patternProfile.unknownMarketWarning	S	VGhlc2UgcG9zc2liaWxpdGllcyBhc3N1bWUgVVMgcmVwb3J0aW5nIHNjb3BlOyBzdXBwbHkgbWFya2V0IFVTIG9ubHkgd2hlbiBpbmRlcGVuZGVudGx5IGtub3duLg==
patternProfile.yearAlternativesWarning	S	VGhlIFZJTiB5ZWFyIGNvZGUgaGFzIG11bHRpcGxlIHBvc3NpYmxlIGN5Y2xlczsgYWx0ZXJuYXRpdmVzIHJldGFpbiBlYWNoIHllYXIncyBhc3NvY2lhdGVkIGZhY3RzLg==
patternProfile.yearBase	I	1980
patternProfile.yearCodes	S	QUJDREVGR0hKS0xNTlBSU1RWV1hZMTIzNDU2Nzg5
patternProfile.yearConflictWarning	S	VklOIHllYXIgY29kZSBkb2VzIG5vdCByZXNvbHZlIHdpdGhpbiB0aGlzIHNjaGVtZSBhbmQgc3VwcGxpZWQgY29udGV4dC4=
patternProfile.yearCycle	I	30
patternProfile.yearElement	I	29
patternProfile.yearHorizon	I	2
patternProfile.yearPosition	I	9
primaryFields.length	I	4
primaryFields.0.code	S	TWFrZQ==
primaryFields.0.kind	S	aWRlbnRpdHk=
primaryFields.0.name	S	bWFrZQ==
primaryFields.1.code	S	TW9kZWw=
primaryFields.1.kind	S	aWRlbnRpdHk=
primaryFields.1.name	S	bW9kZWw=
primaryFields.1.parent	S	bWFrZQ==
primaryFields.2.code	S	TW9kZWxZZWFy
primaryFields.2.kind	S	eWVhcg==
primaryFields.2.name	S	bW9kZWxZZWFy
primaryFields.3.code	S	UHJvZHVjdGlvblllYXI=
primaryFields.3.kind	S	eWVhcg==
primaryFields.3.name	S	cHJvZHVjdGlvblllYXI=
statuses.AMBIGUOUS	S	QU1CSUdVT1VT
statuses.KNOWN	S	UkVTT0xWRUQ=
statuses.NEEDS_CONTEXT	S	U1VHR0VTVEVE
statuses.UNKNOWN	S	VU5LTk9XTg==
version	S	dmVoaWNsZS1pZGVudGl0eS12Mg==
