R	bGF5b3V0LUxSV0M=	TFJXW1ldW0dIXVtBQkNEXVtFRl1bREVGSktMUlNdLltTVFZdQ1swLTldWzAtOV1bMC05XVswLTldWzAtOV1bMC05XQ==	LnsxMX0wMDAwMDA=	R0xPQkFM			dGVzbGEtbW9kZWwteS0yMDI1LW9lbS1ydWxlcw==	UHJvZHVjdGlvbiB5ZWFyIGlzIGEgY2FsZW5kYXIgeWVhciwgbm90IG1vZGVsIHllYXIgb3IgZXhhY3QgYnVpbGQgZGF0ZS4=	U3VwcGxpZWQgeWVhciBjb25mbGljdHMgd2l0aCB0aGlzIHJ1bGUu
F	bGF5b3V0LUxSV0M=	LTE=		TWFrZQ==	VEVTTEE=	dGVzbGEtbW9kZWwteS0yMDI1LXNlcnZpY2UtbWFudWFs	T0VNX1JVTEU=	bGF5b3V0OkxSV0M=	
F	bGF5b3V0LUxSV0M=	LTE=		TW9kZWw=	TW9kZWwgWQ==	dGVzbGEtbW9kZWwteS0yMDI1LXNlcnZpY2UtbWFudWFs	T0VNX1JVTEU=	bGF5b3V0OkxSV0M=	
F	bGF5b3V0LUxSV0M=	LTE=		UGxhbnRDaXR5	U0hBTkdIQUk=	dGVzbGEtbW9kZWwteS0yMDI1LXNlcnZpY2UtbWFudWFs	T0VNX1JVTEU=	bGF5b3V0OkxSV0M=	
F	bGF5b3V0LUxSV0M=	LTE=		UGxhbnRDb3VudHJ5	Q0hJTkE=	dGVzbGEtbW9kZWwteS0yMDI1LXNlcnZpY2UtbWFudWFs	T0VNX1JVTEU=	bGF5b3V0OkxSV0M=	
F	bGF5b3V0LUxSV0M=	NA==	Rw==	Qm9keUNsYXNz	TXVsdGlwdXJwb3NlIHBhc3NlbmdlciB2ZWhpY2xl	dGVzbGEtbW9kZWwteS0yMDI1LXNlcnZpY2UtbWFudWFs	T0VNX1JVTEU=	cG9zaXRpb246NTpH	
F	bGF5b3V0LUxSV0M=	NA==	Rw==	RG9vcnM=	NQ==	dGVzbGEtbW9kZWwteS0yMDI1LXNlcnZpY2UtbWFudWFs	T0VNX1JVTEU=	cG9zaXRpb246NTpH	
F	bGF5b3V0LUxSV0M=	NA==	SA==	Qm9keUNsYXNz	TXVsdGlwdXJwb3NlIHBhc3NlbmdlciB2ZWhpY2xl	dGVzbGEtbW9kZWwteS0yMDI1LXNlcnZpY2UtbWFudWFs	T0VNX1JVTEU=	cG9zaXRpb246NTpI	
F	bGF5b3V0LUxSV0M=	NA==	SA==	RG9vcnM=	NQ==	dGVzbGEtbW9kZWwteS0yMDI1LXNlcnZpY2UtbWFudWFs	T0VNX1JVTEU=	cG9zaXRpb246NTpI	
F	bGF5b3V0LUxSV0M=	NA==	Rw==	U3RlZXJpbmdMb2NhdGlvbg==	TGVmdC1IYW5kIERyaXZlIChMSEQp	dGVzbGEtbW9kZWwteS0yMDI1LXNlcnZpY2UtbWFudWFs	T0VNX1JVTEU=	cG9zaXRpb246NTpH	
F	bGF5b3V0LUxSV0M=	NA==	SA==	U3RlZXJpbmdMb2NhdGlvbg==	UmlnaHQtSGFuZCBEcml2ZSAoUkhEKQ==	dGVzbGEtbW9kZWwteS0yMDI1LXNlcnZpY2UtbWFudWFs	T0VNX1JVTEU=	cG9zaXRpb246NTpI	
F	bGF5b3V0LUxSV0M=	Ng==	RQ==	RnVlbFR5cGVQcmltYXJ5	RWxlY3RyaWM=	dGVzbGEtbW9kZWwteS0yMDI1LXNlcnZpY2UtbWFudWFs	T0VNX1JVTEU=	cG9zaXRpb246NzpF	
F	bGF5b3V0LUxSV0M=	Ng==	Rg==	RnVlbFR5cGVQcmltYXJ5	RWxlY3RyaWM=	dGVzbGEtbW9kZWwteS0yMDI1LXNlcnZpY2UtbWFudWFs	T0VNX1JVTEU=	cG9zaXRpb246NzpG	
F	bGF5b3V0LUxSV0M=	Ng==	RQ==	QmF0dGVyeUNoZW1pc3RyeQ==	VGVybmFyeSBsaXRoaXVtLWlvbg==	dGVzbGEtbW9kZWwteS0yMDI1LXNlcnZpY2UtbWFudWFs	T0VNX1JVTEU=	cG9zaXRpb246NzpF	
F	bGF5b3V0LUxSV0M=	Ng==	Rg==	QmF0dGVyeUNoZW1pc3RyeQ==	TGl0aGl1bSBpcm9uIHBob3NwaGF0ZQ==	dGVzbGEtbW9kZWwteS0yMDI1LXNlcnZpY2UtbWFudWFs	T0VNX1JVTEU=	cG9zaXRpb246NzpG	
F	bGF5b3V0LUxSV0M=	Nw==	RA==	TW90b3JDb25maWd1cmF0aW9u	U2luZ2xlIG1vdG9yOyBzdGFuZGFyZA==	dGVzbGEtbW9kZWwteS0yMDI1LXNlcnZpY2UtbWFudWFs	T0VNX1JVTEU=	cG9zaXRpb246ODpE	
F	bGF5b3V0LUxSV0M=	Nw==	Sg==	TW90b3JDb25maWd1cmF0aW9u	U2luZ2xlIG1vdG9yOyBzdGFuZGFyZA==	dGVzbGEtbW9kZWwteS0yMDI1LXNlcnZpY2UtbWFudWFs	T0VNX1JVTEU=	cG9zaXRpb246ODpK	
F	bGF5b3V0LUxSV0M=	Nw==	Ug==	TW90b3JDb25maWd1cmF0aW9u	U2luZ2xlIG1vdG9yOyBzdGFuZGFyZA==	dGVzbGEtbW9kZWwteS0yMDI1LXNlcnZpY2UtbWFudWFs	T0VNX1JVTEU=	cG9zaXRpb246ODpS	
F	bGF5b3V0LUxSV0M=	Nw==	Uw==	TW90b3JDb25maWd1cmF0aW9u	U2luZ2xlIG1vdG9yOyBzdGFuZGFyZA==	dGVzbGEtbW9kZWwteS0yMDI1LXNlcnZpY2UtbWFudWFs	T0VNX1JVTEU=	cG9zaXRpb246ODpT	
F	bGF5b3V0LUxSV0M=	Nw==	RQ==	TW90b3JDb25maWd1cmF0aW9u	RHVhbCBtb3Rvcjsgc3RhbmRhcmQ=	dGVzbGEtbW9kZWwteS0yMDI1LXNlcnZpY2UtbWFudWFs	T0VNX1JVTEU=	cG9zaXRpb246ODpF	
F	bGF5b3V0LUxSV0M=	Nw==	Sw==	TW90b3JDb25maWd1cmF0aW9u	RHVhbCBtb3Rvcjsgc3RhbmRhcmQ=	dGVzbGEtbW9kZWwteS0yMDI1LXNlcnZpY2UtbWFudWFs	T0VNX1JVTEU=	cG9zaXRpb246ODpL	
F	bGF5b3V0LUxSV0M=	Nw==	Rg==	TW90b3JDb25maWd1cmF0aW9u	RHVhbCBtb3RvcjsgcGVyZm9ybWFuY2U=	dGVzbGEtbW9kZWwteS0yMDI1LXNlcnZpY2UtbWFudWFs	T0VNX1JVTEU=	cG9zaXRpb246ODpG	
F	bGF5b3V0LUxSV0M=	Nw==	TA==	TW90b3JDb25maWd1cmF0aW9u	RHVhbCBtb3RvcjsgcGVyZm9ybWFuY2U=	dGVzbGEtbW9kZWwteS0yMDI1LXNlcnZpY2UtbWFudWFs	T0VNX1JVTEU=	cG9zaXRpb246ODpM	
F	bGF5b3V0LUxSV0M=	OQ==	Uw==	UHJvZHVjdGlvblllYXI=	MjAyNQ==	dGVzbGEtbW9kZWwteS0yMDI1LXNlcnZpY2UtbWFudWFs	T0VNX1JVTEU=	cG9zaXRpb246MTA6Uw==	
F	bGF5b3V0LUxSV0M=	OQ==	VA==	UHJvZHVjdGlvblllYXI=	MjAyNg==	dGVzbGEtbW9kZWwteS0yMDI1LXNlcnZpY2UtbWFudWFs	T0VNX1JVTEU=	cG9zaXRpb246MTA6VA==	
F	bGF5b3V0LUxSV0M=	OQ==	Vg==	UHJvZHVjdGlvblllYXI=	MjAyNw==	dGVzbGEtbW9kZWwteS0yMDI1LXNlcnZpY2UtbWFudWFs	T0VNX1JVTEU=	cG9zaXRpb246MTA6Vg==	
R	bGF5b3V0LVhQN0I=	WFA3W1ldW0dIXVtBQkNEXVtFRl1bREVGSktMUlNdLltTVFZdQlswLTldWzAtOV1bMC05XVswLTldWzAtOV1bMC05XQ==	LnsxMX0wMDAwMDA=	R0xPQkFM			dGVzbGEtbW9kZWwteS0yMDI1LW9lbS1ydWxlcw==	UHJvZHVjdGlvbiB5ZWFyIGlzIGEgY2FsZW5kYXIgeWVhciwgbm90IG1vZGVsIHllYXIgb3IgZXhhY3QgYnVpbGQgZGF0ZS4=	U3VwcGxpZWQgeWVhciBjb25mbGljdHMgd2l0aCB0aGlzIHJ1bGUu
F	bGF5b3V0LVhQN0I=	LTE=		TWFrZQ==	VEVTTEE=	dGVzbGEtbW9kZWwteS0yMDI1LXNlcnZpY2UtbWFudWFs	T0VNX1JVTEU=	bGF5b3V0OlhQN0I=	
F	bGF5b3V0LVhQN0I=	LTE=		TW9kZWw=	TW9kZWwgWQ==	dGVzbGEtbW9kZWwteS0yMDI1LXNlcnZpY2UtbWFudWFs	T0VNX1JVTEU=	bGF5b3V0OlhQN0I=	
F	bGF5b3V0LVhQN0I=	LTE=		UGxhbnRDaXR5	QkVSTElO	dGVzbGEtbW9kZWwteS0yMDI1LXNlcnZpY2UtbWFudWFs	T0VNX1JVTEU=	bGF5b3V0OlhQN0I=	
F	bGF5b3V0LVhQN0I=	LTE=		UGxhbnRDb3VudHJ5	R0VSTUFOWQ==	dGVzbGEtbW9kZWwteS0yMDI1LXNlcnZpY2UtbWFudWFs	T0VNX1JVTEU=	bGF5b3V0OlhQN0I=	
F	bGF5b3V0LVhQN0I=	NA==	Rw==	Qm9keUNsYXNz	TXVsdGlwdXJwb3NlIHBhc3NlbmdlciB2ZWhpY2xl	dGVzbGEtbW9kZWwteS0yMDI1LXNlcnZpY2UtbWFudWFs	T0VNX1JVTEU=	cG9zaXRpb246NTpH	
F	bGF5b3V0LVhQN0I=	NA==	Rw==	RG9vcnM=	NQ==	dGVzbGEtbW9kZWwteS0yMDI1LXNlcnZpY2UtbWFudWFs	T0VNX1JVTEU=	cG9zaXRpb246NTpH	
F	bGF5b3V0LVhQN0I=	NA==	SA==	Qm9keUNsYXNz	TXVsdGlwdXJwb3NlIHBhc3NlbmdlciB2ZWhpY2xl	dGVzbGEtbW9kZWwteS0yMDI1LXNlcnZpY2UtbWFudWFs	T0VNX1JVTEU=	cG9zaXRpb246NTpI	
F	bGF5b3V0LVhQN0I=	NA==	SA==	RG9vcnM=	NQ==	dGVzbGEtbW9kZWwteS0yMDI1LXNlcnZpY2UtbWFudWFs	T0VNX1JVTEU=	cG9zaXRpb246NTpI	
F	bGF5b3V0LVhQN0I=	NA==	Rw==	U3RlZXJpbmdMb2NhdGlvbg==	TGVmdC1IYW5kIERyaXZlIChMSEQp	dGVzbGEtbW9kZWwteS0yMDI1LXNlcnZpY2UtbWFudWFs	T0VNX1JVTEU=	cG9zaXRpb246NTpH	
F	bGF5b3V0LVhQN0I=	NA==	SA==	U3RlZXJpbmdMb2NhdGlvbg==	UmlnaHQtSGFuZCBEcml2ZSAoUkhEKQ==	dGVzbGEtbW9kZWwteS0yMDI1LXNlcnZpY2UtbWFudWFs	T0VNX1JVTEU=	cG9zaXRpb246NTpI	
F	bGF5b3V0LVhQN0I=	Ng==	RQ==	RnVlbFR5cGVQcmltYXJ5	RWxlY3RyaWM=	dGVzbGEtbW9kZWwteS0yMDI1LXNlcnZpY2UtbWFudWFs	T0VNX1JVTEU=	cG9zaXRpb246NzpF	
F	bGF5b3V0LVhQN0I=	Ng==	Rg==	RnVlbFR5cGVQcmltYXJ5	RWxlY3RyaWM=	dGVzbGEtbW9kZWwteS0yMDI1LXNlcnZpY2UtbWFudWFs	T0VNX1JVTEU=	cG9zaXRpb246NzpG	
F	bGF5b3V0LVhQN0I=	Ng==	RQ==	QmF0dGVyeUNoZW1pc3RyeQ==	VGVybmFyeSBsaXRoaXVtLWlvbg==	dGVzbGEtbW9kZWwteS0yMDI1LXNlcnZpY2UtbWFudWFs	T0VNX1JVTEU=	cG9zaXRpb246NzpF	
F	bGF5b3V0LVhQN0I=	Ng==	Rg==	QmF0dGVyeUNoZW1pc3RyeQ==	TGl0aGl1bSBpcm9uIHBob3NwaGF0ZQ==	dGVzbGEtbW9kZWwteS0yMDI1LXNlcnZpY2UtbWFudWFs	T0VNX1JVTEU=	cG9zaXRpb246NzpG	
F	bGF5b3V0LVhQN0I=	Nw==	RA==	TW90b3JDb25maWd1cmF0aW9u	U2luZ2xlIG1vdG9yOyBzdGFuZGFyZA==	dGVzbGEtbW9kZWwteS0yMDI1LXNlcnZpY2UtbWFudWFs	T0VNX1JVTEU=	cG9zaXRpb246ODpE	
F	bGF5b3V0LVhQN0I=	Nw==	Sg==	TW90b3JDb25maWd1cmF0aW9u	U2luZ2xlIG1vdG9yOyBzdGFuZGFyZA==	dGVzbGEtbW9kZWwteS0yMDI1LXNlcnZpY2UtbWFudWFs	T0VNX1JVTEU=	cG9zaXRpb246ODpK	
F	bGF5b3V0LVhQN0I=	Nw==	Ug==	TW90b3JDb25maWd1cmF0aW9u	U2luZ2xlIG1vdG9yOyBzdGFuZGFyZA==	dGVzbGEtbW9kZWwteS0yMDI1LXNlcnZpY2UtbWFudWFs	T0VNX1JVTEU=	cG9zaXRpb246ODpS	
F	bGF5b3V0LVhQN0I=	Nw==	Uw==	TW90b3JDb25maWd1cmF0aW9u	U2luZ2xlIG1vdG9yOyBzdGFuZGFyZA==	dGVzbGEtbW9kZWwteS0yMDI1LXNlcnZpY2UtbWFudWFs	T0VNX1JVTEU=	cG9zaXRpb246ODpT	
F	bGF5b3V0LVhQN0I=	Nw==	RQ==	TW90b3JDb25maWd1cmF0aW9u	RHVhbCBtb3Rvcjsgc3RhbmRhcmQ=	dGVzbGEtbW9kZWwteS0yMDI1LXNlcnZpY2UtbWFudWFs	T0VNX1JVTEU=	cG9zaXRpb246ODpF	
F	bGF5b3V0LVhQN0I=	Nw==	Sw==	TW90b3JDb25maWd1cmF0aW9u	RHVhbCBtb3Rvcjsgc3RhbmRhcmQ=	dGVzbGEtbW9kZWwteS0yMDI1LXNlcnZpY2UtbWFudWFs	T0VNX1JVTEU=	cG9zaXRpb246ODpL	
F	bGF5b3V0LVhQN0I=	Nw==	Rg==	TW90b3JDb25maWd1cmF0aW9u	RHVhbCBtb3RvcjsgcGVyZm9ybWFuY2U=	dGVzbGEtbW9kZWwteS0yMDI1LXNlcnZpY2UtbWFudWFs	T0VNX1JVTEU=	cG9zaXRpb246ODpG	
F	bGF5b3V0LVhQN0I=	Nw==	TA==	TW90b3JDb25maWd1cmF0aW9u	RHVhbCBtb3RvcjsgcGVyZm9ybWFuY2U=	dGVzbGEtbW9kZWwteS0yMDI1LXNlcnZpY2UtbWFudWFs	T0VNX1JVTEU=	cG9zaXRpb246ODpM	
F	bGF5b3V0LVhQN0I=	OQ==	Uw==	UHJvZHVjdGlvblllYXI=	MjAyNQ==	dGVzbGEtbW9kZWwteS0yMDI1LXNlcnZpY2UtbWFudWFs	T0VNX1JVTEU=	cG9zaXRpb246MTA6Uw==	
F	bGF5b3V0LVhQN0I=	OQ==	VA==	UHJvZHVjdGlvblllYXI=	MjAyNg==	dGVzbGEtbW9kZWwteS0yMDI1LXNlcnZpY2UtbWFudWFs	T0VNX1JVTEU=	cG9zaXRpb246MTA6VA==	
F	bGF5b3V0LVhQN0I=	OQ==	Vg==	UHJvZHVjdGlvblllYXI=	MjAyNw==	dGVzbGEtbW9kZWwteS0yMDI1LXNlcnZpY2UtbWFudWFs	T0VNX1JVTEU=	cG9zaXRpb246MTA6Vg==	
R	dnctZXVyb3BlLWdvbGYtMWstMjAwNS1tb3NlbA==	V1ZXWlpaMUtaNVBbMC05XXs2fQ==		RVVST1BFQU5fTEFZT1VU		MjAwNQ==	dnctZXVyb3BlLWdvbGYtMWstMjAwNQ==	R29sZiBmYW1pbHkgb25seTsgZmlsbGVyIGNoYXJhY3RlcnMgZG8gbm90IGlkZW50aWZ5IGVuZ2luZSBvciB0cmltLiBNb2RlbCB5ZWFyIGlzIG5vdCBleGFjdCBidWlsZCBkYXRlLg==	U3VwcGxpZWQgbW9kZWwgeWVhciBjb25mbGljdHMgd2l0aCB0aGlzIGRvY3VtZW50ZWQgRXVyb3BlYW4gVklOIGxheW91dC4=
F	dnctZXVyb3BlLWdvbGYtMWstMjAwNS1tb3NlbA==	LTE=		TWFrZQ==	Vk9MS1NXQUdFTg==	dnctZ29sZi1tYWludGVuYW5jZS0yMDA5	T0VNX1JVTEVfQ09NQklOQVRJT04=	dnctZXVyb3BlLWdvbGYtMWstMjAwNS1tb3NlbA==	V1ZXWlpaMUtaNVBbMC05XXs2fQ==
F	dnctZXVyb3BlLWdvbGYtMWstMjAwNS1tb3NlbA==	LTE=		TWFrZQ==	Vk9MS1NXQUdFTg==	dnctZ29sZi12LXByb2ZpbGU=	T0VNX1JVTEVfQ09NQklOQVRJT04=	dnctZXVyb3BlLWdvbGYtMWstMjAwNS1tb3NlbA==	V1ZXWlpaMUtaNVBbMC05XXs2fQ==
F	dnctZXVyb3BlLWdvbGYtMWstMjAwNS1tb3NlbA==	LTE=		TW9kZWw=	R29sZg==	dnctZ29sZi1tYWludGVuYW5jZS0yMDA5	T0VNX1JVTEVfQ09NQklOQVRJT04=	dnctZXVyb3BlLWdvbGYtMWstMjAwNS1tb3NlbA==	V1ZXWlpaMUtaNVBbMC05XXs2fQ==
F	dnctZXVyb3BlLWdvbGYtMWstMjAwNS1tb3NlbA==	LTE=		TW9kZWw=	R29sZg==	dnctZ29sZi12LXByb2ZpbGU=	T0VNX1JVTEVfQ09NQklOQVRJT04=	dnctZXVyb3BlLWdvbGYtMWstMjAwNS1tb3NlbA==	V1ZXWlpaMUtaNVBbMC05XXs2fQ==
F	dnctZXVyb3BlLWdvbGYtMWstMjAwNS1tb3NlbA==	LTE=		TW9kZWxZZWFy	MjAwNQ==	dnctZ29sZi1tYWludGVuYW5jZS0yMDA5	T0VNX1JVTEVfQ09NQklOQVRJT04=	dnctZXVyb3BlLWdvbGYtMWstMjAwNS1tb3NlbA==	V1ZXWlpaMUtaNVBbMC05XXs2fQ==
F	dnctZXVyb3BlLWdvbGYtMWstMjAwNS1tb3NlbA==	LTE=		TW9kZWxZZWFy	MjAwNQ==	dnctdmluLWNoYXJ0LTIwMDU=	T0VNX1JVTEVfQ09NQklOQVRJT04=	dnctZXVyb3BlLWdvbGYtMWstMjAwNS1tb3NlbA==	V1ZXWlpaMUtaNVBbMC05XXs2fQ==
F	dnctZXVyb3BlLWdvbGYtMWstMjAwNS1tb3NlbA==	LTE=		UGxhbnRDaXR5	TU9TRUw=	dnctZ29sZi1tYWludGVuYW5jZS0yMDA5	T0VNX1JVTEVfQ09NQklOQVRJT04=	dnctZXVyb3BlLWdvbGYtMWstMjAwNS1tb3NlbA==	V1ZXWlpaMUtaNVBbMC05XXs2fQ==
F	dnctZXVyb3BlLWdvbGYtMWstMjAwNS1tb3NlbA==	LTE=		UGxhbnRDaXR5	TU9TRUw=	dnctdmluLWNoYXJ0LTIwMDU=	T0VNX1JVTEVfQ09NQklOQVRJT04=	dnctZXVyb3BlLWdvbGYtMWstMjAwNS1tb3NlbA==	V1ZXWlpaMUtaNVBbMC05XXs2fQ==
F	dnctZXVyb3BlLWdvbGYtMWstMjAwNS1tb3NlbA==	LTE=		U2VyaWVz	ViAoVHlwIDFLKQ==	dnctZ29sZi1tYWludGVuYW5jZS0yMDA5	T0VNX1JVTEVfQ09NQklOQVRJT04=	dnctZXVyb3BlLWdvbGYtMWstMjAwNS1tb3NlbA==	V1ZXWlpaMUtaNVBbMC05XXs2fQ==
F	dnctZXVyb3BlLWdvbGYtMWstMjAwNS1tb3NlbA==	LTE=		U2VyaWVz	ViAoVHlwIDFLKQ==	dnctZ29sZi12LXByb2ZpbGU=	T0VNX1JVTEVfQ09NQklOQVRJT04=	dnctZXVyb3BlLWdvbGYtMWstMjAwNS1tb3NlbA==	V1ZXWlpaMUtaNVBbMC05XXs2fQ==
R	dnctZXVyb3BlLWdvbGYtMWstMjAwNS13b2xmc2J1cmc=	V1ZXWlpaMUtaNVdbMC05XXs2fQ==		RVVST1BFQU5fTEFZT1VU		MjAwNQ==	dnctZXVyb3BlLWdvbGYtMWstMjAwNQ==	R29sZiBmYW1pbHkgb25seTsgZmlsbGVyIGNoYXJhY3RlcnMgZG8gbm90IGlkZW50aWZ5IGVuZ2luZSBvciB0cmltLiBNb2RlbCB5ZWFyIGlzIG5vdCBleGFjdCBidWlsZCBkYXRlLg==	U3VwcGxpZWQgbW9kZWwgeWVhciBjb25mbGljdHMgd2l0aCB0aGlzIGRvY3VtZW50ZWQgRXVyb3BlYW4gVklOIGxheW91dC4=
F	dnctZXVyb3BlLWdvbGYtMWstMjAwNS13b2xmc2J1cmc=	LTE=		TWFrZQ==	Vk9MS1NXQUdFTg==	dnctZ29sZi1tYWludGVuYW5jZS0yMDA5	T0VNX1JVTEVfQ09NQklOQVRJT04=	dnctZXVyb3BlLWdvbGYtMWstMjAwNS13b2xmc2J1cmc=	V1ZXWlpaMUtaNVdbMC05XXs2fQ==
F	dnctZXVyb3BlLWdvbGYtMWstMjAwNS13b2xmc2J1cmc=	LTE=		TWFrZQ==	Vk9MS1NXQUdFTg==	dnctZ29sZi12LXByb2ZpbGU=	T0VNX1JVTEVfQ09NQklOQVRJT04=	dnctZXVyb3BlLWdvbGYtMWstMjAwNS13b2xmc2J1cmc=	V1ZXWlpaMUtaNVdbMC05XXs2fQ==
F	dnctZXVyb3BlLWdvbGYtMWstMjAwNS13b2xmc2J1cmc=	LTE=		TW9kZWw=	R29sZg==	dnctZ29sZi1tYWludGVuYW5jZS0yMDA5	T0VNX1JVTEVfQ09NQklOQVRJT04=	dnctZXVyb3BlLWdvbGYtMWstMjAwNS13b2xmc2J1cmc=	V1ZXWlpaMUtaNVdbMC05XXs2fQ==
F	dnctZXVyb3BlLWdvbGYtMWstMjAwNS13b2xmc2J1cmc=	LTE=		TW9kZWw=	R29sZg==	dnctZ29sZi12LXByb2ZpbGU=	T0VNX1JVTEVfQ09NQklOQVRJT04=	dnctZXVyb3BlLWdvbGYtMWstMjAwNS13b2xmc2J1cmc=	V1ZXWlpaMUtaNVdbMC05XXs2fQ==
F	dnctZXVyb3BlLWdvbGYtMWstMjAwNS13b2xmc2J1cmc=	LTE=		TW9kZWxZZWFy	MjAwNQ==	dnctZ29sZi1tYWludGVuYW5jZS0yMDA5	T0VNX1JVTEVfQ09NQklOQVRJT04=	dnctZXVyb3BlLWdvbGYtMWstMjAwNS13b2xmc2J1cmc=	V1ZXWlpaMUtaNVdbMC05XXs2fQ==
F	dnctZXVyb3BlLWdvbGYtMWstMjAwNS13b2xmc2J1cmc=	LTE=		TW9kZWxZZWFy	MjAwNQ==	dnctdmluLWNoYXJ0LTIwMDU=	T0VNX1JVTEVfQ09NQklOQVRJT04=	dnctZXVyb3BlLWdvbGYtMWstMjAwNS13b2xmc2J1cmc=	V1ZXWlpaMUtaNVdbMC05XXs2fQ==
F	dnctZXVyb3BlLWdvbGYtMWstMjAwNS13b2xmc2J1cmc=	LTE=		UGxhbnRDaXR5	V09MRlNCVVJH	dnctZ29sZi1tYWludGVuYW5jZS0yMDA5	T0VNX1JVTEVfQ09NQklOQVRJT04=	dnctZXVyb3BlLWdvbGYtMWstMjAwNS13b2xmc2J1cmc=	V1ZXWlpaMUtaNVdbMC05XXs2fQ==
F	dnctZXVyb3BlLWdvbGYtMWstMjAwNS13b2xmc2J1cmc=	LTE=		UGxhbnRDaXR5	V09MRlNCVVJH	dnctdmluLWNoYXJ0LTIwMDU=	T0VNX1JVTEVfQ09NQklOQVRJT04=	dnctZXVyb3BlLWdvbGYtMWstMjAwNS13b2xmc2J1cmc=	V1ZXWlpaMUtaNVdbMC05XXs2fQ==
F	dnctZXVyb3BlLWdvbGYtMWstMjAwNS13b2xmc2J1cmc=	LTE=		U2VyaWVz	ViAoVHlwIDFLKQ==	dnctZ29sZi1tYWludGVuYW5jZS0yMDA5	T0VNX1JVTEVfQ09NQklOQVRJT04=	dnctZXVyb3BlLWdvbGYtMWstMjAwNS13b2xmc2J1cmc=	V1ZXWlpaMUtaNVdbMC05XXs2fQ==
F	dnctZXVyb3BlLWdvbGYtMWstMjAwNS13b2xmc2J1cmc=	LTE=		U2VyaWVz	ViAoVHlwIDFLKQ==	dnctZ29sZi12LXByb2ZpbGU=	T0VNX1JVTEVfQ09NQklOQVRJT04=	dnctZXVyb3BlLWdvbGYtMWstMjAwNS13b2xmc2J1cmc=	V1ZXWlpaMUtaNVdbMC05XXs2fQ==
